{
  "dataset": "fashionmnist",
  "effective_timestep": 7.265727996826172,
  "energy_proxy": 1.6898254856170016,
  "executed_timestep": 8.0,
  "gated_spike_rate": 0.23257483439445495,
  "hard_acc": 85.96000001907349,
  "hard_budget_proxy": {
    "average": 7.062333106994629,
    "layer1": 6.999348163604736,
    "layer2": 7.12531852722168
  },
  "hard_effective_timestep": 8.0,
  "hard_prefix_masks": {
    "layer1": [
      1.0,
      1.0,
      1.0,
      1.0,
      1.0,
      1.0,
      1.0,
      1.0
    ],
    "layer2": [
      1.0,
      1.0,
      1.0,
      1.0,
      1.0,
      1.0,
      1.0,
      1.0
    ]
  },
  "hard_prefix_steps": {
    "average": 8.0,
    "executed": 8.0,
    "layer1": 8.0,
    "layer2": 8.0
  },
  "layer1_effective_timestep": 7.152332782745361,
  "layer1_hard_timestep": 8.0,
  "layer2_effective_timestep": 7.379122734069824,
  "layer2_hard_timestep": 8.0,
  "loop_energy_proxy": 2.1851677127838136,
  "model": "layerwise_chronoskip_s2h",
  "prefix_energy_proxy": 2.1851677127838136,
  "prefix_spike_rate": 0.2731459640979767,
  "raw_spike_rate": 0.2550934803962708,
  "run_name": "diagnostic_20260702_101556_layerwise_hb_005",
  "soft_acc": 85.85000001907349,
  "test_acc": 85.96000001907349,
  "test_accuracy": 85.96000001907349,
  "timestep_gates": {
    "layer1": [
      0.9750064015388489,
      0.950931966304779,
      0.9272551536560059,
      0.9040784239768982,
      0.8814051151275635,
      0.8594173789024353,
      0.8376764059066772,
      0.8165619969367981
    ],
    "layer2": [
      0.9819268584251404,
      0.964602530002594,
      0.9472348093986511,
      0.930273711681366,
      0.9132363200187683,
      0.8969835638999939,
      0.8801950812339783,
      0.8646698594093323
    ]
  },
  "tmax": 8
}