{
  "dataset": "dvs_gesture",
  "effective_timestep": 4.0,
  "energy_proxy": 0.3342009024186568,
  "executed_timestep": 4.0,
  "gated_spike_rate": 0.0835502256046642,
  "hard_acc": 66.28787878787878,
  "hard_budget_proxy": 0.0,
  "hard_effective_timestep": 4.0,
  "hard_prefix_masks": [],
  "hard_prefix_steps": {},
  "layer1_effective_timestep": 4.0,
  "layer1_hard_timestep": 4.0,
  "layer2_effective_timestep": 4.0,
  "layer2_hard_timestep": 4.0,
  "loop_energy_proxy": 0.3342009024186568,
  "model": "fixed_lif",
  "prefix_energy_proxy": 0.3342009024186568,
  "prefix_spike_rate": 0.0835502256046642,
  "raw_spike_rate": 0.0835502256046642,
  "run_name": "event_20260711_094138_fixed_prefix_T4",
  "soft_acc": 66.28787878787878,
  "test_acc": 66.28787878787878,
  "test_accuracy": 66.28787878787878,
  "timestep_gates": [],
  "tmax": 8
}