{
  "average_spike_rate": 0.31634747591018675,
  "candidate_metadata": [
    {
      "name": "fast_sensitive",
      "tau": 2.0,
      "v_th": 0.5
    },
    {
      "name": "fast_balanced",
      "tau": 2.0,
      "v_th": 1.0
    },
    {
      "name": "memory_balanced",
      "tau": 6.0,
      "v_th": 1.0
    },
    {
      "name": "memory_sparse",
      "tau": 6.0,
      "v_th": 1.5
    }
  ],
  "candidate_probabilities": [
    [
      0.2730329632759094,
      0.22423167526721954,
      0.28206732869148254,
      0.2206680327653885
    ],
    [
      0.2667320668697357,
      0.23375126719474792,
      0.27553296089172363,
      0.2239837348461151
    ]
  ],
  "dataset": "fashionmnist",
  "effective_timestep": 7.631649017333984,
  "energy_proxy": 2.414252903666063,
  "gated_spike_rate": 0.31634747591018675,
  "hard_effective_timestep": 8.0,
  "model": "spikegate",
  "prefix_energy_proxy": 2.6953120010375975,
  "prefix_spike_rate": 0.3369140001296997,
  "raw_spike_rate": 0.33266718130111694,
  "run_name": "suite_20260701_172607_spikegate",
  "selected_indices": [
    2,
    2
  ],
  "selected_names": [
    "memory_balanced",
    "memory_balanced"
  ],
  "test_accuracy": 87.89000046730041,
  "timestep_gates": [
    0.9888162612915039,
    0.9788116812705994,
    0.9691701531410217,
    0.9593018889427185,
    0.949242115020752,
    0.9393481016159058,
    0.9283419847488403,
    0.9186171889305115
  ]
}