{
  "average_spike_rate": 0.29359485297203064,
  "candidate_metadata": [],
  "candidate_probabilities": [],
  "dataset": "fashionmnist",
  "effective_timestep": 8.0,
  "energy_proxy": 2.348758823776245,
  "gated_spike_rate": 0.29359485297203064,
  "hard_effective_timestep": 8.0,
  "model": "fixed_lif",
  "prefix_energy_proxy": 2.348758823776245,
  "prefix_spike_rate": 0.29359485297203064,
  "raw_spike_rate": 0.29359485297203064,
  "run_name": "suite_20260701_172607_fixed_lif",
  "selected_indices": [],
  "selected_names": [
    "fixed_lif",
    "fixed_lif"
  ],
  "test_accuracy": 88.98000035285949,
  "timestep_gates": []
}