{
  "dataset": "fashionmnist",
  "effective_timestep": 4.0,
  "energy_proxy": 1.1089393857955934,
  "executed_timestep": 4.0,
  "gated_spike_rate": 0.27723484644889834,
  "hard_acc": 85.94000001907348,
  "hard_effective_timestep": 4.0,
  "layer1_effective_timestep": 4.0,
  "layer1_hard_timestep": 4.0,
  "layer2_effective_timestep": 4.0,
  "layer2_hard_timestep": 4.0,
  "loop_energy_proxy": 1.1089393857955934,
  "model": "fixed_lif",
  "prefix_energy_proxy": 1.1089393857955934,
  "prefix_spike_rate": 0.27723484644889834,
  "raw_spike_rate": 0.27723484644889834,
  "run_name": "chronoskip_20260702_090823_fixed_lif_T4",
  "soft_acc": 85.94000001907348,
  "test_acc": 85.94000001907348,
  "test_accuracy": 85.94000001907348,
  "timestep_gates": [],
  "tmax": 4
}