Timestep,Accuracy
1,53.787879943847656
2,61.3636360168457
3,65.53030395507812
4,66.66667175292969
5,69.69696807861328
6,71.59090423583984
7,71.59090423583984
8,71.96969604492188
