From Timestep,To Timestep,Population Regression Rate,Conditional Regression Rate,Correct Samples at From Timestep,Conditional Metric Valid
1,2,6.439393997192383,11.971831321716309,142,True
2,3,4.545454502105713,7.407407283782959,162,True
3,4,2.2727272510528564,3.468208074569702,173,True
4,5,1.1363636255264282,1.704545497894287,176,True
5,6,0.3787878751754761,0.54347825050354,184,True
6,7,1.89393949508667,2.6455025672912598,189,True
7,8,1.5151515007019043,2.1164021492004395,189,True
