{
  "conditional_regression_rate_per_transition": [
    11.971831321716309,
    7.407407283782959,
    3.468208074569702,
    1.704545497894287,
    0.54347825050354,
    2.6455025672912598,
    2.1164021492004395
  ],
  "conditional_valid_transition_mask": [
    true,
    true,
    true,
    true,
    true,
    true,
    true
  ],
  "consecutive_regression_rate": 2.597402811050415,
  "consecutive_regression_rate_per_transition": [
    6.439393997192383,
    4.545454502105713,
    2.2727272510528564,
    1.1363636255264282,
    0.3787878751754761,
    1.89393949508667,
    1.5151515007019043
  ],
  "correct_samples_per_transition": [
    142,
    162,
    173,
    176,
    184,
    189,
    189
  ],
  "ever_regressed_rate": 19.369369506835938,
  "first_correct_valid_fraction": 84.09090638160706,
  "mean_conditional_regression_rate": 4.265339374542236,
  "mean_first_correct_timestep": 1.8108108043670654,
  "mean_negative_temporal_gain": 0.0,
  "mean_population_regression_rate": 2.597402811050415,
  "mean_stable_correct_timestep": 2.0736842155456543,
  "negative_temporal_gain": 0.0,
  "never_correct_fraction": 15.909090638160706,
  "never_stable_fraction": 28.030303120613098,
  "num_samples": 264,
  "population_regression_rate_per_transition": [
    6.439393997192383,
    4.545454502105713,
    2.2727272510528564,
    1.1363636255264282,
    0.3787878751754761,
    1.89393949508667,
    1.5151515007019043
  ],
  "prefix_accuracy_auc": 66.52462768554688,
  "prefix_accuracy_curve": [
    53.787879943847656,
    61.3636360168457,
    65.53030395507812,
    66.66667175292969,
    69.69696807861328,
    71.59090423583984,
    71.59090423583984,
    71.96969604492188
  ],
  "prefix_accuracy_t1": 53.787879943847656,
  "prefix_accuracy_t2": 61.3636360168457,
  "prefix_accuracy_t3": 65.53030395507812,
  "prefix_accuracy_t4": 66.66667175292969,
  "prefix_accuracy_t5": 69.69696807861328,
  "prefix_accuracy_t6": 71.59090423583984,
  "prefix_accuracy_t7": 71.59090423583984,
  "prefix_accuracy_t8": 71.96969604492188,
  "stable_correct_valid_fraction": 71.96969985961914,
  "worst_prefix_accuracy": 53.787879943847656
}