Timestep,Accuracy
1,97.7699966430664
2,98.32999420166016
3,98.30999755859375
4,98.50999450683594
5,98.70999908447266
6,98.79999542236328
7,98.91999816894531
8,98.88999938964844
