{
  "beneficial_transition_fraction": 0.3328571319580078,
  "best_epoch": 30,
  "best_validation_accuracy": 98.83333333333333,
  "best_validation_loss": 0.03851011118587727,
  "checkpoint_selection": "best_val",
  "conditional_regression_rate_per_transition": [
    0.29661449790000916,
    0.2847554087638855,
    0.15257857739925385,
    0.13196630775928497,
    0.11143754422664642,
    0.10121458023786545,
    0.15163768827915192
  ],
  "conditional_valid_transition_mask": [
    true,
    true,
    true,
    true,
    true,
    true,
    true
  ],
  "consecutive_regression_rate": 0.1728571355342865,
  "consecutive_regression_rate_per_transition": [
    0.28999999165534973,
    0.2800000011920929,
    0.15000000596046448,
    0.12999999523162842,
    0.10999999940395355,
    0.10000000149011612,
    0.15000000596046448
  ],
  "correct_samples_per_transition": [
    9777,
    9833,
    9831,
    9851,
    9871,
    9880,
    9892
  ],
  "correct_to_wrong_transition_count": 121.0,
  "dataset": "nmnist",
  "destructive_transition_fraction": 0.1728571504354477,
  "effective_timestep": 8.0,
  "energy_proxy": 0.7078664643287659,
  "ever_recovered_fraction": 70.79365539550781,
  "ever_regressed_fraction": 1.1469966173171997,
  "ever_regressed_rate": 1.1469966173171997,
  "executed_timestep": 8.0,
  "final_accuracy": 98.88999938964844,
  "first_correct_valid_fraction": 99.39000010490417,
  "gated_spike_rate": 0.08848330804109573,
  "hard_acc": 0.0,
  "hard_budget_proxy": 0.0,
  "hard_effective_timestep": 8.0,
  "hard_prefix_masks": [],
  "hard_prefix_steps": {},
  "layer1_effective_timestep": 8.0,
  "layer1_hard_timestep": 8.0,
  "layer2_effective_timestep": 8.0,
  "layer2_hard_timestep": 8.0,
  "loop_energy_proxy": 0.7078664643287659,
  "loss": 0.03686159353342373,
  "mean_conditional_regression": 0.1755276620388031,
  "mean_conditional_regression_rate": 0.17574350535869598,
  "mean_first_correct_timestep": 1.0372270345687866,
  "mean_negative_temporal_gain": 0.007142203394323587,
  "mean_population_regression": 0.1728571504354477,
  "mean_population_regression_rate": 0.1728571355342865,
  "mean_prefix_accuracy": 98.52999877929688,
  "mean_stable_correct_timestep": 1.0615835189819336,
  "minimum_prefix_accuracy": 97.7699966430664,
  "model": "fixed_lif",
  "negative_temporal_gain": 0.04999542236328125,
  "never_correct_fraction": 0.6099999882280827,
  "never_stable_fraction": 1.1099999770522118,
  "num_samples": 10000,
  "population_regression_rate_per_transition": [
    0.28999999165534973,
    0.2800000011920929,
    0.15000000596046448,
    0.12999999523162842,
    0.10999999940395355,
    0.10000000149011612,
    0.15000000596046448
  ],
  "prefix_accuracy_auc": 98.52999877929688,
  "prefix_accuracy_curve": [
    97.7699966430664,
    98.32999420166016,
    98.30999755859375,
    98.50999450683594,
    98.70999908447266,
    98.79999542236328,
    98.91999816894531,
    98.88999938964844
  ],
  "prefix_accuracy_t1": 97.7699966430664,
  "prefix_accuracy_t2": 98.32999420166016,
  "prefix_accuracy_t3": 98.30999755859375,
  "prefix_accuracy_t4": 98.50999450683594,
  "prefix_accuracy_t5": 98.70999908447266,
  "prefix_accuracy_t6": 98.79999542236328,
  "prefix_accuracy_t7": 98.91999816894531,
  "prefix_accuracy_t8": 98.88999938964844,
  "prefix_energy_proxy": 0.7078664643287659,
  "prefix_spike_rate": 0.08848330804109573,
  "raw_spike_rate": 0.08848330804109573,
  "run_name": "seed_4",
  "selection_metric": "val_acc",
  "soft_acc": 98.89,
  "split_seed": 123,
  "stable_by_t4_fraction": 98.11999797821045,
  "stable_by_t6_fraction": 98.580002784729,
  "stable_correct_fraction": 98.88999938964844,
  "stable_correct_valid_fraction": 98.89000058174133,
  "test_acc": 98.89,
  "test_accuracy": 98.89,
  "timestep_gates": [],
  "tmax": 8,
  "val_ratio": 0.2,
  "worst_prefix_accuracy": 97.7699966430664,
  "wrong_to_correct_transition_count": 233.0
}