{
  "beneficial_transition_fraction": 0.3328571319580078,
  "correct_to_wrong_transition_count": 121.0,
  "destructive_transition_fraction": 0.1728571504354477,
  "ever_recovered_fraction": 70.79365539550781,
  "ever_regressed_fraction": 1.1469966173171997,
  "final_accuracy": 98.88999938964844,
  "mean_conditional_regression": 0.1755276620388031,
  "mean_population_regression": 0.1728571504354477,
  "mean_prefix_accuracy": 98.52999877929688,
  "mean_stable_correct_timestep": 1.0615835189819336,
  "minimum_prefix_accuracy": 97.7699966430664,
  "never_stable_fraction": 1.1099999770522118,
  "prefix_accuracy_curve": [
    97.7699966430664,
    98.32999420166016,
    98.30999755859375,
    98.50999450683594,
    98.70999908447266,
    98.79999542236328,
    98.91999816894531,
    98.88999938964844
  ],
  "prefix_loss_weight": 0.0,
  "stable_by_t4_fraction": 98.11999797821045,
  "stable_by_t6_fraction": 98.580002784729,
  "stable_correct_fraction": 98.88999938964844,
  "temporal_confidence_threshold": 0.8,
  "temporal_loss_weight": 1.0,
  "temporal_margin": 0.0,
  "temporal_selection_mode": "hard",
  "temporal_temperature": 1.0,
  "temporal_training_mode": "symmetric_kl",
  "wrong_to_correct_transition_count": 233.0
}