Timestep,Accuracy
1,44.318180084228516
2,56.818180084228516
3,64.39393615722656
4,66.66667175292969
5,68.93939208984375
6,70.83332824707031
7,71.21212005615234
8,70.83332824707031
