{
  "beneficial_transition_fraction": 5.898268699645996,
  "best_epoch": 26,
  "best_validation_accuracy": 80.00000033267709,
  "best_validation_loss": 0.5147067104661187,
  "checkpoint_selection": "best_val",
  "conditional_regression_rate_per_transition": [
    6.837607383728027,
    5.333333492279053,
    4.117647171020508,
    2.2727272510528564,
    1.648351788520813,
    2.1390373706817627,
    2.659574508666992
  ],
  "conditional_valid_transition_mask": [
    true,
    true,
    true,
    true,
    true,
    true,
    true
  ],
  "consecutive_regression_rate": 2.110389471054077,
  "consecutive_regression_rate_per_transition": [
    3.0303030014038086,
    3.0303030014038086,
    2.651515245437622,
    1.5151515007019043,
    1.1363636255264282,
    1.5151515007019043,
    1.89393949508667
  ],
  "correct_samples_per_transition": [
    117,
    150,
    170,
    176,
    182,
    187,
    188
  ],
  "correct_to_wrong_transition_count": 39.0,
  "dataset": "dvs_gesture",
  "destructive_transition_fraction": 2.1103897094726562,
  "effective_timestep": 8.0,
  "energy_proxy": 0.9126318079052549,
  "ever_recovered_fraction": 60.344825744628906,
  "ever_regressed_fraction": 16.589862823486328,
  "ever_regressed_rate": 16.589862823486328,
  "executed_timestep": 8.0,
  "final_accuracy": 70.83332824707031,
  "first_correct_valid_fraction": 82.19696879386902,
  "gated_spike_rate": 0.11407897598815686,
  "hard_acc": 0.0,
  "hard_budget_proxy": 0.0,
  "hard_effective_timestep": 8.0,
  "hard_prefix_masks": [],
  "hard_prefix_steps": {},
  "layer1_effective_timestep": 8.0,
  "layer1_hard_timestep": 8.0,
  "layer2_effective_timestep": 8.0,
  "layer2_hard_timestep": 8.0,
  "loop_energy_proxy": 0.9126318079052549,
  "loss": 0.832851200392752,
  "mean_conditional_regression": 3.3333334922790527,
  "mean_conditional_regression_rate": 3.5726113319396973,
  "mean_first_correct_timestep": 2.08294939994812,
  "mean_negative_temporal_gain": 0.05411311611533165,
  "mean_population_regression": 2.1103897094726562,
  "mean_population_regression_rate": 2.110389471054077,
  "mean_prefix_accuracy": 64.25189208984375,
  "mean_stable_correct_timestep": 2.2780749797821045,
  "minimum_prefix_accuracy": 44.318180084228516,
  "model": "fixed_lif",
  "negative_temporal_gain": 0.37879180908203125,
  "never_correct_fraction": 17.803029716014862,
  "never_stable_fraction": 29.16666567325592,
  "num_samples": 264,
  "population_regression_rate_per_transition": [
    3.0303030014038086,
    3.0303030014038086,
    2.651515245437622,
    1.5151515007019043,
    1.1363636255264282,
    1.5151515007019043,
    1.89393949508667
  ],
  "prefix_accuracy_auc": 64.25189208984375,
  "prefix_accuracy_curve": [
    44.318180084228516,
    56.818180084228516,
    64.39393615722656,
    66.66667175292969,
    68.93939208984375,
    70.83332824707031,
    71.21212005615234,
    70.83332824707031
  ],
  "prefix_accuracy_t1": 44.318180084228516,
  "prefix_accuracy_t2": 56.818180084228516,
  "prefix_accuracy_t3": 64.39393615722656,
  "prefix_accuracy_t4": 66.66667175292969,
  "prefix_accuracy_t5": 68.93939208984375,
  "prefix_accuracy_t6": 70.83332824707031,
  "prefix_accuracy_t7": 71.21212005615234,
  "prefix_accuracy_t8": 70.83332824707031,
  "prefix_energy_proxy": 0.9126318079052549,
  "prefix_spike_rate": 0.11407897598815686,
  "raw_spike_rate": 0.11407897598815686,
  "run_name": "seed_2",
  "selection_metric": "val_acc",
  "soft_acc": 70.83333333333333,
  "split_seed": 42,
  "stable_correct_fraction": 70.83332824707031,
  "stable_correct_valid_fraction": 70.83333134651184,
  "test_acc": 70.83333333333333,
  "test_accuracy": 70.83333333333333,
  "timestep_gates": [],
  "tmax": 8,
  "val_ratio": 0.2,
  "worst_prefix_accuracy": 44.318180084228516,
  "wrong_to_correct_transition_count": 109.0
}