Timestep,Accuracy
1,52.27272415161133
2,63.25757598876953
3,65.53030395507812
4,67.04545593261719
5,68.93939208984375
6,71.96969604492188
7,71.96969604492188
8,71.59090423583984
