{
  "beneficial_transition_fraction": 5.194805145263672,
  "best_epoch": 26,
  "best_validation_accuracy": 80.46511672263922,
  "best_validation_loss": 0.5076132739699164,
  "checkpoint_selection": "best_val",
  "conditional_regression_rate_per_transition": [
    7.2463765144348145,
    8.383234024047852,
    5.202311992645264,
    2.2598869800567627,
    1.0989011526107788,
    1.5789473056793213,
    1.5789473056793213
  ],
  "conditional_valid_transition_mask": [
    true,
    true,
    true,
    true,
    true,
    true,
    true
  ],
  "consecutive_regression_rate": 2.4350647926330566,
  "consecutive_regression_rate_per_transition": [
    3.78787899017334,
    5.303030490875244,
    3.409090995788574,
    1.5151515007019043,
    0.7575757503509521,
    1.1363636255264282,
    1.1363636255264282
  ],
  "correct_samples_per_transition": [
    138,
    167,
    173,
    177,
    182,
    190,
    190
  ],
  "correct_to_wrong_transition_count": 45.0,
  "dataset": "dvs_gesture",
  "destructive_transition_fraction": 2.4350647926330566,
  "effective_timestep": 8.0,
  "energy_proxy": 1.0195843089710583,
  "ever_recovered_fraction": 57.23270034790039,
  "ever_regressed_fraction": 18.22222137451172,
  "ever_regressed_rate": 18.22222137451172,
  "executed_timestep": 8.0,
  "final_accuracy": 71.59090423583984,
  "first_correct_valid_fraction": 85.22727489471436,
  "gated_spike_rate": 0.1274480386213823,
  "hard_acc": 0.0,
  "hard_budget_proxy": 0.0,
  "hard_effective_timestep": 8.0,
  "hard_prefix_masks": [],
  "hard_prefix_steps": {},
  "layer1_effective_timestep": 8.0,
  "layer1_hard_timestep": 8.0,
  "layer2_effective_timestep": 8.0,
  "layer2_hard_timestep": 8.0,
  "loop_energy_proxy": 1.0195843089710583,
  "loss": 0.8625540624965321,
  "mean_conditional_regression": 3.6976170539855957,
  "mean_conditional_regression_rate": 3.9069437980651855,
  "mean_first_correct_timestep": 1.8844444751739502,
  "mean_negative_temporal_gain": 0.05411311611533165,
  "mean_population_regression": 2.4350647926330566,
  "mean_population_regression_rate": 2.4350647926330566,
  "mean_prefix_accuracy": 66.57196807861328,
  "mean_stable_correct_timestep": 2.100529193878174,
  "minimum_prefix_accuracy": 52.27272415161133,
  "model": "fixed_lif",
  "negative_temporal_gain": 0.37879180908203125,
  "never_correct_fraction": 14.772726595401764,
  "never_stable_fraction": 28.409090638160706,
  "num_samples": 264,
  "population_regression_rate_per_transition": [
    3.78787899017334,
    5.303030490875244,
    3.409090995788574,
    1.5151515007019043,
    0.7575757503509521,
    1.1363636255264282,
    1.1363636255264282
  ],
  "prefix_accuracy_auc": 66.57196807861328,
  "prefix_accuracy_curve": [
    52.27272415161133,
    63.25757598876953,
    65.53030395507812,
    67.04545593261719,
    68.93939208984375,
    71.96969604492188,
    71.96969604492188,
    71.59090423583984
  ],
  "prefix_accuracy_t1": 52.27272415161133,
  "prefix_accuracy_t2": 63.25757598876953,
  "prefix_accuracy_t3": 65.53030395507812,
  "prefix_accuracy_t4": 67.04545593261719,
  "prefix_accuracy_t5": 68.93939208984375,
  "prefix_accuracy_t6": 71.96969604492188,
  "prefix_accuracy_t7": 71.96969604492188,
  "prefix_accuracy_t8": 71.59090423583984,
  "prefix_energy_proxy": 1.0195843089710583,
  "prefix_spike_rate": 0.1274480386213823,
  "raw_spike_rate": 0.1274480386213823,
  "run_name": "seed_1",
  "selection_metric": "val_acc",
  "soft_acc": 71.5909090909091,
  "split_seed": 42,
  "stable_correct_fraction": 71.59090423583984,
  "stable_correct_valid_fraction": 71.59090638160706,
  "test_acc": 71.5909090909091,
  "test_accuracy": 71.5909090909091,
  "timestep_gates": [],
  "tmax": 8,
  "val_ratio": 0.2,
  "worst_prefix_accuracy": 52.27272415161133,
  "wrong_to_correct_transition_count": 96.0
}