{
  "dataset": "fashionmnist",
  "effective_timestep": 7.762549877166748,
  "energy_proxy": 0.31385453877764746,
  "executed_timestep": 8.0,
  "gated_spike_rate": 0.04043188691139221,
  "hard_acc": 10.15625,
  "hard_effective_timestep": 8.0,
  "layer1_effective_timestep": 7.76254940032959,
  "layer1_hard_timestep": 8.0,
  "layer2_effective_timestep": 7.762550354003906,
  "layer2_hard_timestep": 8.0,
  "loop_energy_proxy": 0.3339957445859909,
  "model": "layerwise_chronoskip_s2h",
  "prefix_energy_proxy": 0.3339957445859909,
  "prefix_spike_rate": 0.04174946807324886,
  "raw_spike_rate": 0.041724495589733124,
  "run_name": "layerwise_chronoskip_s2h_fashionmnist_T8_seed0_1782982953",
  "soft_acc": 8.59375,
  "test_acc": 10.15625,
  "test_accuracy": 10.15625,
  "timestep_gates": {
    "layer1": [
      0.9933004379272461,
      0.9866457581520081,
      0.980035662651062,
      0.9734698534011841,
      0.9669481515884399,
      0.9604701399803162,
      0.9540355205535889,
      0.9476439952850342
    ],
    "layer2": [
      0.9933004379272461,
      0.9866457581520081,
      0.980035662651062,
      0.9734699726104736,
      0.9669482707977295,
      0.9604702591896057,
      0.9540356397628784,
      0.9476441144943237
    ]
  },
  "tmax": 8
}