{
  "dataset": "fashionmnist",
  "effective_timestep": 7.260383129119873,
  "energy_proxy": 1.7053945218960957,
  "executed_timestep": 8.0,
  "gated_spike_rate": 0.2348904309272766,
  "hard_acc": 85.5499997997284,
  "hard_effective_timestep": 8.0,
  "layer1_effective_timestep": 7.149054050445557,
  "layer1_hard_timestep": 8.0,
  "layer2_effective_timestep": 7.3717122077941895,
  "layer2_hard_timestep": 8.0,
  "loop_energy_proxy": 2.2035938850402834,
  "model": "layerwise_chronoskip",
  "prefix_energy_proxy": 2.2035938850402834,
  "prefix_spike_rate": 0.2754492356300354,
  "raw_spike_rate": 0.2578200852870941,
  "run_name": "chronoskip_20260702_090823_layerwise_chronoskip_T8",
  "soft_acc": 85.68999980926513,
  "test_acc": 85.5499997997284,
  "test_accuracy": 85.5499997997284,
  "timestep_gates": {
    "layer1": [
      0.9748448133468628,
      0.9506081342697144,
      0.9268115162849426,
      0.903555691242218,
      0.8808619379997253,
      0.8588637709617615,
      0.8372547626495361,
      0.8162537217140198
    ],
    "layer2": [
      0.981620192527771,
      0.9640210866928101,
      0.9464164972305298,
      0.9292442798614502,
      0.9121285676956177,
      0.8957567811012268,
      0.8790486454963684,
      0.8634759783744812
    ]
  },
  "tmax": 8
}