Timestep,Accuracy
1,73.1199951171875
2,83.75
3,87.02999877929688
4,92.54999542236328
5,95.54000091552734
6,96.27000427246094
7,96.69000244140625
8,96.95999908447266
