{
  "C": 11,
  "N": 264,
  "T": 8,
  "best_confidence_policy_at_selected_accuracy_levels": {
    "90_percent_of_final": {
      "Accuracy": 56.81818127632141,
      "Average Timestep": 2.51893949508667,
      "Error Rate": 43.18181872367859,
      "Lambda": "",
      "Normalized Average Timestep": 0.31486743688583374,
      "Number of Samples": 264,
      "Policy": "Confidence",
      "Threshold": 0.65
    },
    "95_percent_of_final": {
      "Accuracy": 60.227274894714355,
      "Average Timestep": 3.375,
      "Error Rate": 39.772725105285645,
      "Lambda": "",
      "Normalized Average Timestep": 0.421875,
      "Number of Samples": 264,
      "Policy": "Confidence",
      "Threshold": 0.75
    },
    "99_percent_of_final": {
      "Accuracy": 62.5,
      "Average Timestep": 5.185606002807617,
      "Error Rate": 37.5,
      "Lambda": "",
      "Normalized Average Timestep": 0.6482007503509521,
      "Number of Samples": 264,
      "Policy": "Confidence",
      "Threshold": 0.9
    }
  },
  "best_confidence_policy_by_accuracy_tolerance_pp": {
    "0.0": {
      "Accuracy": 62.87878751754761,
      "Average Timestep": 5.579545497894287,
      "Error Rate": 37.12121248245239,
      "Lambda": "",
      "Normalized Average Timestep": 0.6974431872367859,
      "Number of Samples": 264,
      "Policy": "Confidence",
      "Threshold": 0.92
    },
    "0.1": {
      "Accuracy": 62.87878751754761,
      "Average Timestep": 5.579545497894287,
      "Error Rate": 37.12121248245239,
      "Lambda": "",
      "Normalized Average Timestep": 0.6974431872367859,
      "Number of Samples": 264,
      "Policy": "Confidence",
      "Threshold": 0.92
    },
    "0.5": {
      "Accuracy": 62.5,
      "Average Timestep": 5.185606002807617,
      "Error Rate": 37.5,
      "Lambda": "",
      "Normalized Average Timestep": 0.6482007503509521,
      "Number of Samples": 264,
      "Policy": "Confidence",
      "Threshold": 0.9
    },
    "1.0": {
      "Accuracy": 62.12121248245239,
      "Average Timestep": 4.556818008422852,
      "Error Rate": 37.87878751754761,
      "Lambda": "",
      "Normalized Average Timestep": 0.5696022510528564,
      "Number of Samples": 264,
      "Policy": "Confidence",
      "Threshold": 0.85
    },
    "2.0": {
      "Accuracy": 62.12121248245239,
      "Average Timestep": 4.556818008422852,
      "Error Rate": 37.87878751754761,
      "Lambda": "",
      "Normalized Average Timestep": 0.5696022510528564,
      "Number of Samples": 264,
      "Policy": "Confidence",
      "Threshold": 0.85
    }
  },
  "confidence_to_oracle_pareto_gap": [
    {
      "average_timestep_gap": 0.4204545021057129,
      "confidence_accuracy": 52.65151262283325,
      "confidence_average_timestep": 1.5151515007019043,
      "confidence_threshold": 0.5,
      "oracle_average_timestep_at_least_accuracy": 1.0946969985961914
    },
    {
      "average_timestep_gap": 0.7196969985961914,
      "confidence_accuracy": 54.16666865348816,
      "confidence_average_timestep": 1.8143939971923828,
      "confidence_threshold": 0.55,
      "oracle_average_timestep_at_least_accuracy": 1.0946969985961914
    },
    {
      "average_timestep_gap": 1.0568182468414307,
      "confidence_accuracy": 54.924243688583374,
      "confidence_average_timestep": 2.151515245437622,
      "confidence_threshold": 0.6,
      "oracle_average_timestep_at_least_accuracy": 1.0946969985961914
    },
    {
      "average_timestep_gap": 1.4242424964904785,
      "confidence_accuracy": 56.81818127632141,
      "confidence_average_timestep": 2.51893949508667,
      "confidence_threshold": 0.65,
      "oracle_average_timestep_at_least_accuracy": 1.0946969985961914
    },
    {
      "average_timestep_gap": 1.7689393758773804,
      "confidence_accuracy": 58.71211886405945,
      "confidence_average_timestep": 2.9696969985961914,
      "confidence_threshold": 0.7,
      "oracle_average_timestep_at_least_accuracy": 1.200757622718811
    },
    {
      "average_timestep_gap": 2.174242377281189,
      "confidence_accuracy": 60.227274894714355,
      "confidence_average_timestep": 3.375,
      "confidence_threshold": 0.75,
      "oracle_average_timestep_at_least_accuracy": 1.200757622718811
    },
    {
      "average_timestep_gap": 3.3560603857040405,
      "confidence_accuracy": 62.12121248245239,
      "confidence_average_timestep": 4.556818008422852,
      "confidence_threshold": 0.85,
      "oracle_average_timestep_at_least_accuracy": 1.200757622718811
    },
    {
      "average_timestep_gap": 3.984848380088806,
      "confidence_accuracy": 62.5,
      "confidence_average_timestep": 5.185606002807617,
      "confidence_threshold": 0.9,
      "oracle_average_timestep_at_least_accuracy": 1.200757622718811
    },
    {
      "average_timestep_gap": 4.378787875175476,
      "confidence_accuracy": 62.87878751754761,
      "confidence_average_timestep": 5.579545497894287,
      "confidence_threshold": 0.92,
      "oracle_average_timestep_at_least_accuracy": 1.200757622718811
    }
  ],
  "cost_aware_oracle_results": [
    {
      "Accuracy": 72.72727489471436,
      "Average Timestep": 1.553030252456665,
      "Error Rate": 27.272725105285645,
      "Lambda": 0.0,
      "Normalized Average Timestep": 0.19412878155708313,
      "Number of Samples": 264,
      "Policy": "Cost-Aware Oracle",
      "Threshold": ""
    },
    {
      "Accuracy": 72.72727489471436,
      "Average Timestep": 1.553030252456665,
      "Error Rate": 27.272725105285645,
      "Lambda": 0.5,
      "Normalized Average Timestep": 0.19412878155708313,
      "Number of Samples": 264,
      "Policy": "Cost-Aware Oracle",
      "Threshold": ""
    },
    {
      "Accuracy": 72.72727489471436,
      "Average Timestep": 1.553030252456665,
      "Error Rate": 27.272725105285645,
      "Lambda": 1.0,
      "Normalized Average Timestep": 0.19412878155708313,
      "Number of Samples": 264,
      "Policy": "Cost-Aware Oracle",
      "Threshold": ""
    },
    {
      "Accuracy": 72.72727489471436,
      "Average Timestep": 1.553030252456665,
      "Error Rate": 27.272725105285645,
      "Lambda": 1.1,
      "Normalized Average Timestep": 0.19412878155708313,
      "Number of Samples": 264,
      "Policy": "Cost-Aware Oracle",
      "Threshold": ""
    },
    {
      "Accuracy": 72.34848737716675,
      "Average Timestep": 1.5265151262283325,
      "Error Rate": 27.651512622833252,
      "Lambda": 1.15,
      "Normalized Average Timestep": 0.19081439077854156,
      "Number of Samples": 264,
      "Policy": "Cost-Aware Oracle",
      "Threshold": ""
    },
    {
      "Accuracy": 72.34848737716675,
      "Average Timestep": 1.5265151262283325,
      "Error Rate": 27.651512622833252,
      "Lambda": 1.25,
      "Normalized Average Timestep": 0.19081439077854156,
      "Number of Samples": 264,
      "Policy": "Cost-Aware Oracle",
      "Threshold": ""
    },
    {
      "Accuracy": 71.96969985961914,
      "Average Timestep": 1.503787875175476,
      "Error Rate": 28.03030014038086,
      "Lambda": 1.35,
      "Normalized Average Timestep": 0.1879734843969345,
      "Number of Samples": 264,
      "Policy": "Cost-Aware Oracle",
      "Threshold": ""
    },
    {
      "Accuracy": 71.96969985961914,
      "Average Timestep": 1.503787875175476,
      "Error Rate": 28.03030014038086,
      "Lambda": 1.5,
      "Normalized Average Timestep": 0.1879734843969345,
      "Number of Samples": 264,
      "Policy": "Cost-Aware Oracle",
      "Threshold": ""
    },
    {
      "Accuracy": 70.83333134651184,
      "Average Timestep": 1.446969747543335,
      "Error Rate": 29.16666865348816,
      "Lambda": 1.6,
      "Normalized Average Timestep": 0.18087121844291687,
      "Number of Samples": 264,
      "Policy": "Cost-Aware Oracle",
      "Threshold": ""
    },
    {
      "Accuracy": 70.83333134651184,
      "Average Timestep": 1.446969747543335,
      "Error Rate": 29.16666865348816,
      "Lambda": 1.75,