Timestep,Accuracy
1,66.28787994384766
2,64.01515197753906
3,67.42424011230469
4,68.93939208984375
5,66.28787994384766
6,66.28787994384766
7,67.04545593261719
8,67.04545593261719
