{
  "beneficial_transition_fraction": 2.9220778942108154,
  "best_epoch": 28,
  "best_validation_accuracy": 80.93023247497027,
  "best_validation_loss": 0.48847311596537746,
  "checkpoint_selection": "best_val",
  "conditional_regression_rate_per_transition": [
    9.714285850524902,
    4.142011642456055,
    3.932584524154663,
    4.94505500793457,
    2.857142925262451,
    1.1428570747375488,
    2.8248586654663086
  ],
  "conditional_valid_transition_mask": [
    true,
    true,
    true,
    true,
    true,
    true,
    true
  ],
  "consecutive_regression_rate": 2.8138530254364014,
  "consecutive_regression_rate_per_transition": [
    6.439393997192383,
    2.651515245437622,
    2.651515245437622,
    3.409090995788574,
    1.89393949508667,
    0.7575757503509521,
    1.89393949508667
  ],
  "correct_samples_per_transition": [
    175,
    169,
    178,
    182,
    175,
    175,
    177
  ],
  "correct_to_wrong_transition_count": 52.0,
  "dataset": "dvs_gesture",
  "destructive_transition_fraction": 2.8138527870178223,
  "effective_timestep": 8.0,
  "energy_proxy": 0.9429428794167258,
  "ever_recovered_fraction": 39.6694221496582,
  "ever_regressed_fraction": 21.226415634155273,
  "ever_regressed_rate": 21.226415634155273,
  "executed_timestep": 8.0,
  "final_accuracy": 67.04545593261719,
  "first_correct_valid_fraction": 80.30303120613098,
  "gated_spike_rate": 0.11786785992709073,
  "hard_acc": 0.0,
  "hard_budget_proxy": 0.0,
  "hard_effective_timestep": 8.0,
  "hard_prefix_masks": [],
  "hard_prefix_steps": {},
  "layer1_effective_timestep": 8.0,
  "layer1_hard_timestep": 8.0,
  "layer2_effective_timestep": 8.0,
  "layer2_hard_timestep": 8.0,
  "loop_energy_proxy": 0.9429428794167258,
  "loss": 0.9205747029998086,
  "mean_conditional_regression": 4.224207878112793,
  "mean_conditional_regression_rate": 4.222684860229492,
  "mean_first_correct_timestep": 1.4245283603668213,
  "mean_negative_temporal_gain": 0.7034628987312317,
  "mean_population_regression": 2.8138527870178223,
  "mean_population_regression_rate": 2.8138530254364014,
  "mean_prefix_accuracy": 66.66667175292969,
  "mean_stable_correct_timestep": 1.6327683925628662,
  "minimum_prefix_accuracy": 64.01515197753906,
  "model": "fixed_lif",
  "negative_temporal_gain": 4.9242401123046875,
  "never_correct_fraction": 19.696970283985138,
  "never_stable_fraction": 32.95454680919647,
  "num_samples": 264,
  "population_regression_rate_per_transition": [
    6.439393997192383,
    2.651515245437622,
    2.651515245437622,
    3.409090995788574,
    1.89393949508667,
    0.7575757503509521,
    1.89393949508667
  ],
  "prefix_accuracy_auc": 66.66667175292969,
  "prefix_accuracy_curve": [
    66.28787994384766,
    64.01515197753906,
    67.42424011230469,
    68.93939208984375,
    66.28787994384766,
    66.28787994384766,
    67.04545593261719,
    67.04545593261719
  ],
  "prefix_accuracy_t1": 66.28787994384766,
  "prefix_accuracy_t2": 64.01515197753906,
  "prefix_accuracy_t3": 67.42424011230469,
  "prefix_accuracy_t4": 68.93939208984375,
  "prefix_accuracy_t5": 66.28787994384766,
  "prefix_accuracy_t6": 66.28787994384766,
  "prefix_accuracy_t7": 67.04545593261719,
  "prefix_accuracy_t8": 67.04545593261719,
  "prefix_energy_proxy": 0.9429428794167258,
  "prefix_spike_rate": 0.11786785992709073,
  "raw_spike_rate": 0.11786785992709073,
  "run_name": "seed_2",
  "selection_metric": "val_acc",
  "soft_acc": 67.04545454545455,
  "split_seed": 42,
  "stable_correct_fraction": 67.04545593261719,
  "stable_correct_valid_fraction": 67.04545617103577,
  "test_acc": 67.04545454545455,
  "test_accuracy": 67.04545454545455,
  "timestep_gates": [],
  "tmax": 8,
  "val_ratio": 0.2,
  "worst_prefix_accuracy": 64.01515197753906,
  "wrong_to_correct_transition_count": 54.0
}