{
  "dataset": "fashionmnist",
  "effective_timestep": 7.281831741333008,
  "energy_proxy": 1.6939471769651693,
  "executed_timestep": 8.0,
  "gated_spike_rate": 0.2326265199661255,
  "hard_acc": 86.03999979972839,
  "hard_budget_proxy": {
    "average": 7.855193614959717,
    "layer1": 7.830574989318848,
    "layer2": 7.879812240600586
  },
  "hard_effective_timestep": 8.0,
  "hard_prefix_masks": {
    "layer1": [
      1.0,
      1.0,
      1.0,
      1.0,
      1.0,
      1.0,
      1.0,
      1.0
    ],
    "layer2": [
      1.0,
      1.0,
      1.0,
      1.0,
      1.0,
      1.0,
      1.0,
      1.0
    ]
  },
  "hard_prefix_steps": {
    "average": 8.0,
    "executed": 8.0,
    "layer1": 8.0,
    "layer2": 8.0
  },
  "layer1_effective_timestep": 7.164209842681885,
  "layer1_hard_timestep": 8.0,
  "layer2_effective_timestep": 7.399453639984131,
  "layer2_hard_timestep": 8.0,
  "loop_energy_proxy": 2.1788165260314942,
  "model": "layerwise_chronoskip_s2h",
  "prefix_energy_proxy": 2.1788165260314942,
  "prefix_spike_rate": 0.2723520657539368,
  "raw_spike_rate": 0.25445835976600645,
  "run_name": "diagnostic_20260702_095531_layerwise_hb_010",
  "soft_acc": 85.81000002861023,
  "test_acc": 86.03999979972839,
  "test_accuracy": 86.03999979972839,
  "timestep_gates": {
    "layer1": [
      0.9754164814949036,
      0.9517483115196228,
      0.9284221529960632,
      0.9055531024932861,
      0.8831400275230408,
      0.8613764643669128,
      0.839783251285553,
      0.8187698721885681
    ],
    "layer2": [
      0.982624888420105,
      0.965811014175415,
      0.9490265250205994,
      0.932583212852478,
      0.916126549243927,
      0.9003219604492188,
      0.8841127157211304,
      0.8688468337059021
    ]
  },
  "tmax": 8
}