Timestep,Accuracy
1,61.06999969482422
2,80.43000030517578
3,89.26000213623047
4,95.58000183105469
5,98.00999450683594
6,98.37999725341797
7,98.70999908447266
8,98.83000183105469
