{
  "beneficial_transition_fraction": 5.5328569412231445,
  "best_epoch": 24,
  "best_validation_accuracy": 98.75833333333334,
  "best_validation_loss": 0.04117215446995882,
  "checkpoint_selection": "best_val",
  "conditional_regression_rate_per_transition": [
    0.27836906909942627,
    0.2735297679901123,
    0.06721936166286469,
    0.08369951695203781,
    0.16324864327907562,
    0.17279934883117676,
    0.11143754422664642
  ],
  "conditional_valid_transition_mask": [
    true,
    true,
    true,
    true,
    true,
    true,
    true
  ],
  "consecutive_regression_rate": 0.13857142627239227,
  "consecutive_regression_rate_per_transition": [
    0.17000000178813934,
    0.2199999988079071,
    0.06000000238418579,
    0.07999999821186066,
    0.1599999964237213,
    0.17000000178813934,
    0.10999999940395355
  ],
  "correct_samples_per_transition": [
    6107,
    8043,
    8926,
    9558,
    9801,
    9838,
    9871
  ],
  "correct_to_wrong_transition_count": 97.0,
  "dataset": "nmnist",
  "destructive_transition_fraction": 0.13857142627239227,
  "effective_timestep": 8.0,
  "energy_proxy": 0.667153854751587,
  "ever_recovered_fraction": 97.69035339355469,
  "ever_regressed_fraction": 0.9164149165153503,
  "ever_regressed_rate": 0.9164149165153503,
  "executed_timestep": 8.0,
  "final_accuracy": 98.83000183105469,
  "first_correct_valid_fraction": 99.29999709129333,
  "gated_spike_rate": 0.08339423184394837,
  "hard_acc": 0.0,
  "hard_budget_proxy": 0.0,
  "hard_effective_timestep": 8.0,
  "hard_prefix_masks": [],
  "hard_prefix_steps": {},
  "layer1_effective_timestep": 8.0,
  "layer1_hard_timestep": 8.0,
  "layer2_effective_timestep": 8.0,
  "layer2_hard_timestep": 8.0,
  "loop_energy_proxy": 0.667153854751587,
  "loss": 0.03682151671675092,
  "mean_conditional_regression": 0.15608908236026764,
  "mean_conditional_regression_rate": 0.16432903707027435,
  "mean_first_correct_timestep": 1.7248741388320923,
  "mean_negative_temporal_gain": 0.0,
  "mean_population_regression": 0.13857142627239227,
  "mean_population_regression_rate": 0.13857142627239227,
  "mean_prefix_accuracy": 90.03375244140625,
  "mean_stable_correct_timestep": 1.7371243238449097,
  "minimum_prefix_accuracy": 61.06999969482422,
  "model": "fixed_lif",
  "negative_temporal_gain": 0.0,
  "never_correct_fraction": 0.7000000216066837,
  "never_stable_fraction": 1.1699999682605267,
  "num_samples": 10000,
  "population_regression_rate_per_transition": [
    0.17000000178813934,
    0.2199999988079071,
    0.06000000238418579,
    0.07999999821186066,
    0.1599999964237213,
    0.17000000178813934,
    0.10999999940395355
  ],
  "prefix_accuracy_auc": 90.03376007080078,
  "prefix_accuracy_curve": [
    61.06999969482422,
    80.43000030517578,
    89.26000213623047,
    95.58000183105469,
    98.00999450683594,
    98.37999725341797,
    98.70999908447266,
    98.83000183105469
  ],
  "prefix_accuracy_t1": 61.06999969482422,
  "prefix_accuracy_t2": 80.43000030517578,
  "prefix_accuracy_t3": 89.26000213623047,
  "prefix_accuracy_t4": 95.58000183105469,
  "prefix_accuracy_t5": 98.00999450683594,
  "prefix_accuracy_t6": 98.37999725341797,
  "prefix_accuracy_t7": 98.70999908447266,
  "prefix_accuracy_t8": 98.83000183105469,
  "prefix_energy_proxy": 0.667153854751587,
  "prefix_spike_rate": 0.08339423184394837,
  "raw_spike_rate": 0.08339423184394837,
  "run_name": "seed_4",
  "selection_metric": "val_acc",
  "soft_acc": 98.83,
  "split_seed": 123,
  "stable_by_t4_fraction": 95.1799988746643,
  "stable_by_t6_fraction": 98.1000006198883,
  "stable_correct_fraction": 98.83000183105469,
  "stable_correct_valid_fraction": 98.83000254631042,
  "test_acc": 98.83,
  "test_accuracy": 98.83,
  "timestep_gates": [],
  "tmax": 8,
  "val_ratio": 0.2,
  "worst_prefix_accuracy": 61.06999969482422,
  "wrong_to_correct_transition_count": 3873.0
}