{
  "beneficial_transition_fraction": 5.5328569412231445,
  "correct_to_wrong_transition_count": 97.0,
  "destructive_transition_fraction": 0.13857142627239227,
  "ever_recovered_fraction": 97.69035339355469,
  "ever_regressed_fraction": 0.9164149165153503,
  "final_accuracy": 98.83000183105469,
  "mean_conditional_regression": 0.15608908236026764,
  "mean_population_regression": 0.13857142627239227,
  "mean_prefix_accuracy": 90.03375244140625,
  "mean_stable_correct_timestep": 1.7371243238449097,
  "minimum_prefix_accuracy": 61.06999969482422,
  "never_stable_fraction": 1.1699999682605267,
  "prefix_accuracy_curve": [
    61.06999969482422,
    80.43000030517578,
    89.26000213623047,
    95.58000183105469,
    98.00999450683594,
    98.37999725341797,
    98.70999908447266,
    98.83000183105469
  ],
  "prefix_loss_weight": 0.0,
  "stable_by_t4_fraction": 95.1799988746643,
  "stable_by_t6_fraction": 98.1000006198883,
  "stable_correct_fraction": 98.83000183105469,
  "temporal_confidence_threshold": 0.6,
  "temporal_loss_weight": 1.0,
  "temporal_margin": 0.0,
  "temporal_selection_mode": "hard",
  "temporal_temperature": 1.0,
  "temporal_training_mode": "selective_regression",
  "wrong_to_correct_transition_count": 3873.0
}