Policy,Threshold,Lambda,Accuracy,Average Timestep,Normalized Average Timestep,Error Rate,Number of Samples
Fixed T,1.0,,50.0,1.0,0.125,50.0,264
Fixed T,2.0,,56.439393758773804,2.0,0.25,43.560606241226196,264
Fixed T,3.0,,61.742424964904785,3.0,0.375,38.257575035095215,264
Fixed T,4.0,,61.36363744735718,4.0,0.5,38.63636255264282,264
Fixed T,5.0,,61.742424964904785,5.0,0.625,38.257575035095215,264
Fixed T,6.0,,62.12121248245239,6.0,0.75,37.87878751754761,264
Fixed T,7.0,,62.12121248245239,7.0,0.875,37.87878751754761,264
Fixed T,8.0,,62.12121248245239,8.0,1.0,37.87878751754761,264
