{
  "dataset": "fashionmnist",
  "effective_timestep": 7.268265724182129,
  "energy_proxy": 1.6873303671140125,
  "executed_timestep": 8.0,
  "gated_spike_rate": 0.23215034110546112,
  "hard_acc": 86.0999997997284,
  "hard_effective_timestep": 8.0,
  "layer1_effective_timestep": 7.268265724182129,
  "layer1_hard_timestep": 8.0,
  "layer2_effective_timestep": 7.268265724182129,
  "layer2_hard_timestep": 8.0,
  "loop_energy_proxy": 2.1723488082885742,
  "model": "global_chronoskip_s2h",
  "prefix_energy_proxy": 2.1723488082885742,
  "prefix_spike_rate": 0.2715436010360718,
  "raw_spike_rate": 0.2560738826751709,
  "run_name": "chronoskip_20260702_090823_global_chronoskip_s2h_T8",
  "soft_acc": 86.05999979019165,
  "test_acc": 86.0999997997284,
  "test_accuracy": 86.0999997997284,
  "timestep_gates": [
    0.9781982898712158,
    0.9580310583114624,
    0.9376099109649658,
    0.9178114533424377,
    0.89775151014328,
    0.878810703754425,
    0.8586858510971069,
    0.8413668274879456
  ],
  "tmax": 8
}