{
  "dataset": "fashionmnist",
  "effective_timestep": 7.302784442901611,
  "energy_proxy": 1.7227447482665152,
  "executed_timestep": 8.0,
  "gated_spike_rate": 0.23590245087146758,
  "hard_acc": 86.05999979019165,
  "hard_effective_timestep": 8.0,
  "layer1_effective_timestep": 7.1880903244018555,
  "layer1_hard_timestep": 8.0,
  "layer2_effective_timestep": 7.417478561401367,
  "layer2_hard_timestep": 8.0,
  "loop_energy_proxy": 2.1959013565063477,
  "model": "layerwise_chronoskip_s2h",
  "prefix_energy_proxy": 2.1959013565063477,
  "prefix_spike_rate": 0.27448766956329346,
  "raw_spike_rate": 0.2573970062255859,
  "run_name": "chronoskip_20260702_090605_layerwise_chronoskip_s2h_T8",
  "soft_acc": 86.02000001907349,
  "test_acc": 86.05999979019165,
  "test_accuracy": 86.05999979019165,
  "timestep_gates": {
    "layer1": [
      0.9760410189628601,
      0.9530424475669861,
      0.9303779006004333,
      0.9081809520721436,
      0.8864386081695557,
      0.8653591871261597,
      0.8444821834564209,
      0.8241680860519409
    ],
    "layer2": [
      0.9831452369689941,
      0.9667374491691589,
      0.9504544138908386,
      0.9344951510429382,
      0.9186328649520874,
      0.9033128619194031,
      0.8878110647201538,
      0.8728896379470825
    ]
  },
  "tmax": 8
}