{
  "dataset": "fashionmnist",
  "effective_timestep": 6.0,
  "energy_proxy": 1.6811754758834838,
  "executed_timestep": 6.0,
  "gated_spike_rate": 0.2801959126472473,
  "hard_acc": 88.58999995231629,
  "hard_budget_proxy": 0.0,
  "hard_effective_timestep": 6.0,
  "hard_prefix_masks": [],
  "hard_prefix_steps": {},
  "layer1_effective_timestep": 6.0,
  "layer1_hard_timestep": 6.0,
  "layer2_effective_timestep": 6.0,
  "layer2_hard_timestep": 6.0,
  "loop_energy_proxy": 1.6811754758834838,
  "model": "fixed_lif",
  "prefix_energy_proxy": 1.6811754758834838,
  "prefix_spike_rate": 0.2801959126472473,
  "raw_spike_rate": 0.2801959126472473,
  "run_name": "fixed_lif_T6",
  "soft_acc": 88.58999995231629,
  "test_acc": 88.58999995231629,
  "test_accuracy": 88.58999995231629,
  "timestep_gates": [],
  "tmax": 6
}