{
  "dataset": "dvs_gesture",
  "effective_timestep": 1.0,
  "energy_proxy": 0.05200358593102657,
  "executed_timestep": 1.0,
  "gated_spike_rate": 0.05200358593102657,
  "hard_acc": 70.07575757575758,
  "hard_budget_proxy": 0.0,
  "hard_effective_timestep": 1.0,
  "hard_prefix_masks": [],
  "hard_prefix_steps": {},
  "layer1_effective_timestep": 1.0,
  "layer1_hard_timestep": 1.0,
  "layer2_effective_timestep": 1.0,
  "layer2_hard_timestep": 1.0,
  "loop_energy_proxy": 0.05200358593102657,
  "model": "fixed_lif",
  "prefix_energy_proxy": 0.05200358593102657,
  "prefix_spike_rate": 0.05200358593102657,
  "raw_spike_rate": 0.05200358593102657,
  "run_name": "event_20260711_094138_fixed_prefix_T1",
  "soft_acc": 70.07575757575758,
  "test_acc": 70.07575757575758,
  "test_accuracy": 70.07575757575758,
  "timestep_gates": [],
  "tmax": 8
}