{
  "dataset": "fashionmnist",
  "effective_timestep": 8.0,
  "energy_proxy": 2.2103067291259766,
  "executed_timestep": 8.0,
  "gated_spike_rate": 0.2762883411407471,
  "hard_acc": 85.61999979019166,
  "hard_effective_timestep": 8.0,
  "layer1_effective_timestep": 8.0,
  "layer1_hard_timestep": 8.0,
  "layer2_effective_timestep": 8.0,
  "layer2_hard_timestep": 8.0,
  "loop_energy_proxy": 2.2103067291259766,
  "model": "fixed_lif",
  "prefix_energy_proxy": 2.2103067291259766,
  "prefix_spike_rate": 0.2762883411407471,
  "raw_spike_rate": 0.2762883411407471,
  "run_name": "chronoskip_20260702_091045_fixed_lif_T8",
  "soft_acc": 85.61999979019166,
  "test_acc": 85.61999979019166,
  "test_accuracy": 85.61999979019166,
  "timestep_gates": [],
  "tmax": 8
}