{
  "average_spike_rate": 0.24073024365901946,
  "candidate_metadata": [
    {
      "name": "fast_sensitive",
      "tau": 2.0,
      "v_th": 0.5
    },
    {
      "name": "fast_balanced",
      "tau": 2.0,
      "v_th": 1.0
    },
    {
      "name": "memory_balanced",
      "tau": 6.0,
      "v_th": 1.0
    },
    {
      "name": "memory_sparse",
      "tau": 6.0,
      "v_th": 1.5
    }
  ],
  "candidate_probabilities": [
    [
      0.25,
      0.25,
      0.25,
      0.25
    ],
    [
      0.25,
      0.25,
      0.25,
      0.25
    ]
  ],
  "dataset": "fashionmnist",
  "effective_timestep": 7.653664588928223,
  "energy_proxy": 1.8424685413771,
  "gated_spike_rate": 0.24073024365901946,
  "hard_effective_timestep": 8.0,
  "model": "gate_only",
  "prefix_energy_proxy": 2.068789810180664,
  "prefix_spike_rate": 0.258598726272583,
  "raw_spike_rate": 0.25196224308013915,
  "run_name": "suite_20260701_174046_gate_only",
  "selected_indices": [
    0,
    0
  ],
  "selected_names": [
    "fast_sensitive",
    "fast_sensitive"
  ],
  "test_accuracy": 89.19999984741212,
  "timestep_gates": [
    0.9896280765533447,
    0.9804819822311401,
    0.9709733128547668,
    0.9616106748580933,
    0.9519011378288269,
    0.9428128004074097,
    0.9323188662528992,
    0.9239378571510315
  ]
}