Timestep,Accuracy
1,77.31000518798828
2,85.33999633789062
3,87.29000091552734
4,92.40999603271484
5,95.54000091552734
6,96.13999938964844
7,96.80000305175781
8,96.91000366210938
