{
  "beneficial_transition_fraction": 4.058441638946533,
  "conditional_regression_rate_per_transition": [
    6.7484660148620605,
    6.6666669845581055,
    4.34782600402832,
    2.1505377292633057,
    2.6178009510040283,
    2.09424090385437,
    1.5706804990768433
  ],
  "conditional_valid_transition_mask": [
    true,
    true,
    true,
    true,
    true,
    true,
    true
  ],
  "consecutive_regression_rate": 2.543290376663208,
  "consecutive_regression_rate_per_transition": [
    4.1666669845581055,
    4.545454502105713,
    3.0303030014038086,
    1.5151515007019043,
    1.89393949508667,
    1.5151515007019043,
    1.1363636255264282
  ],
  "correct_samples_per_transition": [
    163,
    180,
    184,
    186,
    191,
    191,
    191
  ],
  "correct_to_wrong_transition_count": 47.0,
  "destructive_transition_fraction": 2.54328989982605,
  "ever_recovered_fraction": 52.75590515136719,
  "ever_regressed_fraction": 17.117116928100586,
  "ever_regressed_rate": 17.117116928100586,
  "final_accuracy": 72.3484878540039,
  "first_correct_valid_fraction": 84.09090638160706,
  "mean_conditional_regression": 3.6547434329986572,
  "mean_conditional_regression_rate": 3.7423171997070312,
  "mean_first_correct_timestep": 1.5945945978164673,
  "mean_negative_temporal_gain": 0.0,
  "mean_population_regression": 2.54328989982605,
  "mean_population_regression_rate": 2.543290376663208,
  "mean_prefix_accuracy": 69.9337158203125,
  "mean_stable_correct_timestep": 1.7696335315704346,
  "minimum_prefix_accuracy": 61.74242401123047,
  "negative_temporal_gain": 0.0,
  "never_correct_fraction": 15.909090638160706,
  "never_stable_fraction": 27.65151560306549,
  "num_samples": 264,
  "population_regression_rate_per_transition": [
    4.1666669845581055,
    4.545454502105713,
    3.0303030014038086,
    1.5151515007019043,
    1.89393949508667,
    1.5151515007019043,
    1.1363636255264282
  ],
  "prefix_accuracy_auc": 69.93370819091797,
  "prefix_accuracy_curve": [
    61.74242401123047,
    68.18181610107422,
    69.69696807861328,
    70.45454406738281,
    72.3484878540039,
    72.3484878540039,
    72.3484878540039,
    72.3484878540039
  ],
  "prefix_accuracy_t1": 61.74242401123047,
  "prefix_accuracy_t2": 68.18181610107422,
  "prefix_accuracy_t3": 69.69696807861328,
  "prefix_accuracy_t4": 70.45454406738281,
  "prefix_accuracy_t5": 72.3484878540039,
  "prefix_accuracy_t6": 72.3484878540039,
  "prefix_accuracy_t7": 72.3484878540039,
  "prefix_accuracy_t8": 72.3484878540039,
  "stable_correct_fraction": 72.3484878540039,
  "stable_correct_valid_fraction": 72.34848737716675,
  "worst_prefix_accuracy": 61.74242401123047,
  "wrong_to_correct_transition_count": 75.0
}