Timestep,Accuracy
1,61.74242401123047
2,68.18181610107422
3,69.69696807861328
4,70.45454406738281
5,72.3484878540039
6,72.3484878540039
7,72.3484878540039
8,72.3484878540039
