Timestep,Accuracy
1,63.25757598876953
2,66.66667175292969
3,66.28787994384766
4,69.31818389892578
5,71.59090423583984
6,70.45454406738281
7,73.10606384277344
8,71.96969604492188
