{
  "beneficial_transition_fraction": 3.6255412101745605,
  "best_epoch": 26,
  "best_validation_accuracy": 80.46511672263922,
  "best_validation_loss": 0.4953358923279962,
  "checkpoint_selection": "best_val",
  "conditional_regression_rate_per_transition": [
    7.185628890991211,
    7.386363506317139,
    1.1428570747375488,
    2.7322404384613037,
    2.6455025672912598,
    0.5376344323158264,
    3.1088082790374756
  ],
  "conditional_valid_transition_mask": [
    true,
    true,
    true,
    true,
    true,
    true,
    true
  ],
  "consecutive_regression_rate": 2.3809525966644287,
  "consecutive_regression_rate_per_transition": [
    4.545454502105713,
    4.9242424964904785,
    0.7575757503509521,
    1.89393949508667,
    1.89393949508667,
    0.3787878751754761,
    2.2727272510528564
  ],
  "correct_samples_per_transition": [
    167,
    176,
    175,
    183,
    189,
    186,
    193
  ],
  "correct_to_wrong_transition_count": 44.0,
  "dataset": "dvs_gesture",
  "destructive_transition_fraction": 2.3809523582458496,
  "effective_timestep": 8.0,
  "energy_proxy": 1.086989995205041,
  "ever_recovered_fraction": 49.20634841918945,
  "ever_regressed_fraction": 19.545455932617188,
  "ever_regressed_rate": 19.545455932617188,
  "executed_timestep": 8.0,
  "final_accuracy": 71.96969604492188,
  "first_correct_valid_fraction": 83.33333134651184,
  "gated_spike_rate": 0.13587374940063013,
  "hard_acc": 0.0,
  "hard_budget_proxy": 0.0,
  "hard_effective_timestep": 8.0,
  "hard_prefix_masks": [],
  "hard_prefix_steps": {},
  "layer1_effective_timestep": 8.0,
  "layer1_hard_timestep": 8.0,
  "layer2_effective_timestep": 8.0,
  "layer2_hard_timestep": 8.0,
  "loop_energy_proxy": 1.086989995205041,
  "loss": 0.8117154150298147,
  "mean_conditional_regression": 3.467297077178955,
  "mean_conditional_regression_rate": 3.5341477394104004,
  "mean_first_correct_timestep": 1.6045454740524292,
  "mean_negative_temporal_gain": 0.3787885308265686,
  "mean_population_regression": 2.3809523582458496,
  "mean_population_regression_rate": 2.3809525966644287,
  "mean_prefix_accuracy": 69.08143615722656,
  "mean_stable_correct_timestep": 1.8736841678619385,
  "minimum_prefix_accuracy": 63.25757598876953,
  "model": "fixed_lif",
  "negative_temporal_gain": 2.651519775390625,
  "never_correct_fraction": 16.66666716337204,
  "never_stable_fraction": 28.030303120613098,
  "num_samples": 264,
  "population_regression_rate_per_transition": [
    4.545454502105713,
    4.9242424964904785,
    0.7575757503509521,
    1.89393949508667,
    1.89393949508667,
    0.3787878751754761,
    2.2727272510528564
  ],
  "prefix_accuracy_auc": 69.08143615722656,
  "prefix_accuracy_curve": [
    63.25757598876953,
    66.66667175292969,
    66.28787994384766,
    69.31818389892578,
    71.59090423583984,
    70.45454406738281,
    73.10606384277344,
    71.96969604492188
  ],
  "prefix_accuracy_t1": 63.25757598876953,
  "prefix_accuracy_t2": 66.66667175292969,
  "prefix_accuracy_t3": 66.28787994384766,
  "prefix_accuracy_t4": 69.31818389892578,
  "prefix_accuracy_t5": 71.59090423583984,
  "prefix_accuracy_t6": 70.45454406738281,
  "prefix_accuracy_t7": 73.10606384277344,
  "prefix_accuracy_t8": 71.96969604492188,
  "prefix_energy_proxy": 1.086989995205041,
  "prefix_spike_rate": 0.13587374940063013,
  "raw_spike_rate": 0.13587374940063013,
  "run_name": "seed_1",
  "selection_metric": "val_acc",
  "soft_acc": 71.96969696969697,
  "split_seed": 42,
  "stable_correct_fraction": 71.96969604492188,
  "stable_correct_valid_fraction": 71.96969985961914,
  "test_acc": 71.96969696969697,
  "test_accuracy": 71.96969696969697,
  "timestep_gates": [],
  "tmax": 8,
  "val_ratio": 0.2,
  "worst_prefix_accuracy": 63.25757598876953,
  "wrong_to_correct_transition_count": 67.0
}