Timestep,Accuracy
1,51.51515197753906
2,60.22727584838867
3,66.28787994384766
4,67.04545593261719
5,70.07575988769531
6,71.59090423583984
7,71.21212005615234
8,71.59090423583984
