{
  "beneficial_transition_fraction": 5.248917579650879,
  "conditional_regression_rate_per_transition": [
    11.764705657958984,
    6.289308547973633,
    3.4285712242126465,
    1.1299434900283813,
    1.0810811519622803,
    2.6455025672912598,
    1.5957447290420532
  ],
  "conditional_valid_transition_mask": [
    true,
    true,
    true,
    true,
    true,
    true,
    true
  ],
  "consecutive_regression_rate": 2.3809525966644287,
  "consecutive_regression_rate_per_transition": [
    6.060606002807617,
    3.78787899017334,
    2.2727272510528564,
    0.7575757503509521,
    0.7575757503509521,
    1.89393949508667,
    1.1363636255264282
  ],
  "correct_samples_per_transition": [
    136,
    159,
    175,
    177,
    185,
    189,
    188
  ],
  "correct_to_wrong_transition_count": 44.0,
  "destructive_transition_fraction": 2.3809523582458496,
  "ever_recovered_fraction": 57.59493637084961,
  "ever_regressed_fraction": 18.55203628540039,
  "ever_regressed_rate": 18.55203628540039,
  "final_accuracy": 71.59090423583984,
  "first_correct_valid_fraction": 83.71211886405945,
  "mean_conditional_regression": 3.639371395111084,
  "mean_conditional_regression_rate": 3.990694046020508,
  "mean_first_correct_timestep": 1.837104082107544,
  "mean_negative_temporal_gain": 0.0541120246052742,
  "mean_population_regression": 2.3809523582458496,
  "mean_population_regression_rate": 2.3809525966644287,
  "mean_prefix_accuracy": 66.19318389892578,
  "mean_stable_correct_timestep": 2.042328119277954,
  "minimum_prefix_accuracy": 51.51515197753906,
  "negative_temporal_gain": 0.3787841796875,
  "never_correct_fraction": 16.287878155708313,
  "never_stable_fraction": 28.409090638160706,
  "num_samples": 264,
  "population_regression_rate_per_transition": [
    6.060606002807617,
    3.78787899017334,
    2.2727272510528564,
    0.7575757503509521,
    0.7575757503509521,
    1.89393949508667,
    1.1363636255264282
  ],
  "prefix_accuracy_auc": 66.19318389892578,
  "prefix_accuracy_curve": [
    51.51515197753906,
    60.22727584838867,
    66.28787994384766,
    67.04545593261719,
    70.07575988769531,
    71.59090423583984,
    71.21212005615234,
    71.59090423583984
  ],
  "prefix_accuracy_t1": 51.51515197753906,
  "prefix_accuracy_t2": 60.22727584838867,
  "prefix_accuracy_t3": 66.28787994384766,
  "prefix_accuracy_t4": 67.04545593261719,
  "prefix_accuracy_t5": 70.07575988769531,
  "prefix_accuracy_t6": 71.59090423583984,
  "prefix_accuracy_t7": 71.21212005615234,
  "prefix_accuracy_t8": 71.59090423583984,
  "stable_correct_fraction": 71.59090423583984,
  "stable_correct_valid_fraction": 71.59090638160706,
  "worst_prefix_accuracy": 51.51515197753906,
  "wrong_to_correct_transition_count": 97.0
}