Timestep,Accuracy
1,45.45454788208008
2,59.09090805053711
3,64.01515197753906
4,68.93939208984375
5,71.21212005615234
6,71.21212005615234
7,71.21212005615234
8,70.83332824707031
