{
  "beneficial_transition_fraction": 6.114718914031982,
  "best_epoch": 26,
  "best_validation_accuracy": 81.39534916988639,
  "best_validation_loss": 0.5132694058640058,
  "checkpoint_selection": "best_val",
  "conditional_regression_rate_per_transition": [
    8.333333969116211,
    7.692307949066162,
    2.9585800170898438,
    2.7472527027130127,
    3.1914894580841064,
    2.127659559249878,
    2.127659559249878
  ],
  "conditional_valid_transition_mask": [
    true,
    true,
    true,
    true,
    true,
    true,
    true
  ],
  "consecutive_regression_rate": 2.489177703857422,
  "consecutive_regression_rate_per_transition": [
    3.78787899017334,
    4.545454502105713,
    1.89393949508667,
    1.89393949508667,
    2.2727272510528564,
    1.5151515007019043,
    1.5151515007019043
  ],
  "correct_samples_per_transition": [
    120,
    156,
    169,
    182,
    188,
    188,
    188
  ],
  "correct_to_wrong_transition_count": 46.0,
  "dataset": "dvs_gesture",
  "destructive_transition_fraction": 2.4891774654388428,
  "effective_timestep": 8.0,
  "energy_proxy": 0.890692306287361,
  "ever_recovered_fraction": 61.046512603759766,
  "ever_regressed_fraction": 19.35483741760254,
  "ever_regressed_rate": 19.35483741760254,
  "executed_timestep": 8.0,
  "final_accuracy": 70.83332824707031,
  "first_correct_valid_fraction": 82.19696879386902,
  "gated_spike_rate": 0.11133653828592012,
  "hard_acc": 0.0,
  "hard_budget_proxy": 0.0,
  "hard_effective_timestep": 8.0,
  "hard_prefix_masks": [],
  "hard_prefix_steps": {},
  "layer1_effective_timestep": 8.0,
  "layer1_hard_timestep": 8.0,
  "layer2_effective_timestep": 8.0,
  "layer2_hard_timestep": 8.0,
  "loop_energy_proxy": 0.890692306287361,
  "loss": 0.8216370524782123,
  "mean_conditional_regression": 3.862300395965576,
  "mean_conditional_regression_rate": 4.168326377868652,
  "mean_first_correct_timestep": 1.9124424457550049,
  "mean_negative_temporal_gain": 0.05411311611533165,
  "mean_population_regression": 2.4891774654388428,
  "mean_population_regression_rate": 2.489177703857422,
  "mean_prefix_accuracy": 65.2462158203125,
  "mean_stable_correct_timestep": 2.2032084465026855,
  "minimum_prefix_accuracy": 45.45454788208008,
  "model": "fixed_lif",
  "negative_temporal_gain": 0.37879180908203125,
  "never_correct_fraction": 17.803029716014862,
  "never_stable_fraction": 29.16666567325592,
  "num_samples": 264,
  "population_regression_rate_per_transition": [
    3.78787899017334,
    4.545454502105713,
    1.89393949508667,
    1.89393949508667,
    2.2727272510528564,
    1.5151515007019043,
    1.5151515007019043
  ],
  "prefix_accuracy_auc": 65.2462158203125,
  "prefix_accuracy_curve": [
    45.45454788208008,
    59.09090805053711,
    64.01515197753906,
    68.93939208984375,
    71.21212005615234,
    71.21212005615234,
    71.21212005615234,
    70.83332824707031
  ],
  "prefix_accuracy_t1": 45.45454788208008,
  "prefix_accuracy_t2": 59.09090805053711,
  "prefix_accuracy_t3": 64.01515197753906,
  "prefix_accuracy_t4": 68.93939208984375,
  "prefix_accuracy_t5": 71.21212005615234,
  "prefix_accuracy_t6": 71.21212005615234,
  "prefix_accuracy_t7": 71.21212005615234,
  "prefix_accuracy_t8": 70.83332824707031,
  "prefix_energy_proxy": 0.890692306287361,
  "prefix_spike_rate": 0.11133653828592012,
  "raw_spike_rate": 0.11133653828592012,
  "run_name": "seed_2",
  "selection_metric": "val_acc",
  "soft_acc": 70.83333333333333,
  "split_seed": 42,
  "stable_correct_fraction": 70.83332824707031,
  "stable_correct_valid_fraction": 70.83333134651184,
  "test_acc": 70.83333333333333,
  "test_accuracy": 70.83333333333333,
  "timestep_gates": [],
  "tmax": 8,
  "val_ratio": 0.2,
  "worst_prefix_accuracy": 45.45454788208008,
  "wrong_to_correct_transition_count": 113.0
}