Timestep,Accuracy
1,60.60606384277344
2,64.7727279663086
3,65.1515121459961
4,70.83332824707031
5,70.83332824707031
6,71.96969604492188
7,71.96969604492188
8,70.83332824707031
