{
  "beneficial_transition_fraction": 3.841991424560547,
  "conditional_regression_rate_per_transition": [
    7.500000476837158,
    7.017543792724609,
    1.7441861629486084,
    2.6737966537475586,
    1.6042779684066772,
    2.1052632331848145,
    2.6315789222717285
  ],
  "conditional_valid_transition_mask": [
    true,
    true,
    true,
    true,
    true,
    true,
    true
  ],
  "consecutive_regression_rate": 2.3809525966644287,
  "consecutive_regression_rate_per_transition": [
    4.545454502105713,
    4.545454502105713,
    1.1363636255264282,
    1.89393949508667,
    1.1363636255264282,
    1.5151515007019043,
    1.89393949508667
  ],
  "correct_samples_per_transition": [
    160,
    171,
    172,
    187,
    187,
    190,
    190
  ],
  "correct_to_wrong_transition_count": 44.0,
  "destructive_transition_fraction": 2.3809523582458496,
  "ever_recovered_fraction": 48.83720779418945,
  "ever_regressed_fraction": 19.534883499145508,
  "ever_regressed_rate": 19.534883499145508,
  "final_accuracy": 70.83332824707031,
  "first_correct_valid_fraction": 81.4393937587738,
  "mean_conditional_regression": 3.5003979206085205,
  "mean_conditional_regression_rate": 3.6109492778778076,
  "mean_first_correct_timestep": 1.6046512126922607,
  "mean_negative_temporal_gain": 0.1623382568359375,
  "mean_population_regression": 2.3809523582458496,
  "mean_population_regression_rate": 2.3809525966644287,
  "mean_prefix_accuracy": 68.3712158203125,
  "mean_stable_correct_timestep": 1.8449198007583618,
  "minimum_prefix_accuracy": 60.60606384277344,
  "negative_temporal_gain": 1.1363677978515625,
  "never_correct_fraction": 18.560606241226196,
  "never_stable_fraction": 29.16666567325592,
  "num_samples": 264,
  "population_regression_rate_per_transition": [
    4.545454502105713,
    4.545454502105713,
    1.1363636255264282,
    1.89393949508667,
    1.1363636255264282,
    1.5151515007019043,
    1.89393949508667
  ],
  "prefix_accuracy_auc": 68.37120819091797,
  "prefix_accuracy_curve": [
    60.60606384277344,
    64.7727279663086,
    65.1515121459961,
    70.83332824707031,
    70.83332824707031,
    71.96969604492188,
    71.96969604492188,
    70.83332824707031
  ],
  "prefix_accuracy_t1": 60.60606384277344,
  "prefix_accuracy_t2": 64.7727279663086,
  "prefix_accuracy_t3": 65.1515121459961,
  "prefix_accuracy_t4": 70.83332824707031,
  "prefix_accuracy_t5": 70.83332824707031,
  "prefix_accuracy_t6": 71.96969604492188,
  "prefix_accuracy_t7": 71.96969604492188,
  "prefix_accuracy_t8": 70.83332824707031,
  "stable_correct_fraction": 70.83332824707031,
  "stable_correct_valid_fraction": 70.83333134651184,
  "worst_prefix_accuracy": 60.60606384277344,
  "wrong_to_correct_transition_count": 71.0
}