{
  "dataset": "fashionmnist",
  "effective_timestep": 2.0,
  "energy_proxy": 0.524834339427948,
  "executed_timestep": 2.0,
  "gated_spike_rate": 0.262417169713974,
  "hard_acc": 86.53999975204468,
  "hard_effective_timestep": 2.0,
  "layer1_effective_timestep": 2.0,
  "layer1_hard_timestep": 2.0,
  "layer2_effective_timestep": 2.0,
  "layer2_hard_timestep": 2.0,
  "loop_energy_proxy": 0.524834339427948,
  "model": "fixed_lif",
  "prefix_energy_proxy": 0.524834339427948,
  "prefix_spike_rate": 0.262417169713974,
  "raw_spike_rate": 0.262417169713974,
  "run_name": "chronoskip_20260702_090823_fixed_lif_T2",
  "soft_acc": 86.53999975204468,
  "test_acc": 86.53999975204468,
  "test_accuracy": 86.53999975204468,
  "timestep_gates": [],
  "tmax": 2
}