{
  "beneficial_transition_fraction": 6.184286117553711,
  "conditional_regression_rate_per_transition": [
    0.21352313458919525,
    0.11856144666671753,
    0.10570824146270752,
    0.07505092769861221,
    0.10273268818855286,
    0.13242334127426147,
    0.08113590627908707
  ],
  "conditional_valid_transition_mask": [
    true,
    true,
    true,
    true,
    true,
    true,
    true
  ],
  "consecutive_regression_rate": 0.09714285284280777,
  "consecutive_regression_rate_per_transition": [
    0.12000000476837158,
    0.08999999612569809,
    0.08999999612569809,
    0.07000000029802322,
    0.10000000149011612,
    0.12999999523162842,
    0.07999999821186066
  ],
  "correct_samples_per_transition": [
    5620,
    7591,
    8514,
    9327,
    9734,
    9817,
    9860
  ],
  "correct_to_wrong_transition_count": 68.0,
  "destructive_transition_fraction": 0.09714286029338837,
  "ever_recovered_fraction": 97.77979278564453,
  "ever_regressed_fraction": 0.6655909419059753,
  "ever_regressed_rate": 0.6655909419059753,
  "final_accuracy": 98.80999755859375,
  "first_correct_valid_fraction": 99.1599977016449,
  "mean_conditional_regression": 0.11246547847986221,
  "mean_conditional_regression_rate": 0.11844795942306519,
  "mean_first_correct_timestep": 1.8894715309143066,
  "mean_negative_temporal_gain": 0.0,
  "mean_population_regression": 0.09714286029338837,
  "mean_population_regression_rate": 0.09714285284280777,
  "mean_prefix_accuracy": 87.93000030517578,
  "mean_stable_correct_timestep": 1.899200439453125,
  "minimum_prefix_accuracy": 56.19999694824219,
  "negative_temporal_gain": 0.0,
  "never_correct_fraction": 0.839999970048666,
  "never_stable_fraction": 1.1900000274181366,
  "num_samples": 10000,
  "population_regression_rate_per_transition": [
    0.12000000476837158,
    0.08999999612569809,
    0.08999999612569809,
    0.07000000029802322,
    0.10000000149011612,
    0.12999999523162842,
    0.07999999821186066
  ],
  "prefix_accuracy_auc": 87.92999267578125,
  "prefix_accuracy_curve": [
    56.19999694824219,
    75.91000366210938,
    85.13999938964844,
    93.2699966430664,
    97.33999633789062,
    98.16999816894531,
    98.5999984741211,
    98.80999755859375
  ],
  "prefix_accuracy_t1": 56.19999694824219,
  "prefix_accuracy_t2": 75.91000366210938,
  "prefix_accuracy_t3": 85.13999938964844,
  "prefix_accuracy_t4": 93.2699966430664,
  "prefix_accuracy_t5": 97.33999633789062,
  "prefix_accuracy_t6": 98.16999816894531,
  "prefix_accuracy_t7": 98.5999984741211,
  "prefix_accuracy_t8": 98.80999755859375,
  "stable_by_t4_fraction": 92.97999739646912,
  "stable_by_t6_fraction": 97.97999858856201,
  "stable_correct_fraction": 98.80999755859375,
  "stable_correct_valid_fraction": 98.8099992275238,
  "worst_prefix_accuracy": 56.19999694824219,
  "wrong_to_correct_transition_count": 4329.0
}