Timestep,Accuracy
1,56.19999694824219
2,75.91000366210938
3,85.13999938964844
4,93.2699966430664
5,97.33999633789062
6,98.16999816894531
7,98.5999984741211
8,98.80999755859375
