{
  "beneficial_transition_fraction": 6.184286117553711,
  "correct_to_wrong_transition_count": 68.0,
  "destructive_transition_fraction": 0.09714286029338837,
  "ever_recovered_fraction": 97.77979278564453,
  "ever_regressed_fraction": 0.6655909419059753,
  "final_accuracy": 98.80999755859375,
  "mean_conditional_regression": 0.11246547847986221,
  "mean_population_regression": 0.09714286029338837,
  "mean_prefix_accuracy": 87.93000030517578,
  "mean_stable_correct_timestep": 1.899200439453125,
  "minimum_prefix_accuracy": 56.19999694824219,
  "never_stable_fraction": 1.1900000274181366,
  "prefix_accuracy_curve": [
    56.19999694824219,
    75.91000366210938,
    85.13999938964844,
    93.2699966430664,
    97.33999633789062,
    98.16999816894531,
    98.5999984741211,
    98.80999755859375
  ],
  "prefix_loss_weight": 0.0,
  "stable_by_t4_fraction": 92.97999739646912,
  "stable_by_t6_fraction": 97.97999858856201,
  "stable_correct_fraction": 98.80999755859375,
  "temporal_confidence_threshold": 0.6,
  "temporal_loss_weight": 1.0,
  "temporal_margin": 0.0,
  "temporal_selection_mode": "hard",
  "temporal_temperature": 1.0,
  "temporal_training_mode": "selective_regression",
  "wrong_to_correct_transition_count": 4329.0
}