{
  "dataset": "dvs_gesture",
  "effective_timestep": 3.0,
  "energy_proxy": 0.2635849030180411,
  "executed_timestep": 3.0,
  "gated_spike_rate": 0.08786163433934703,
  "hard_acc": 63.63636363636363,
  "hard_budget_proxy": 0.0,
  "hard_effective_timestep": 3.0,
  "hard_prefix_masks": [],
  "hard_prefix_steps": {},
  "layer1_effective_timestep": 3.0,
  "layer1_hard_timestep": 3.0,
  "layer2_effective_timestep": 3.0,
  "layer2_hard_timestep": 3.0,
  "loop_energy_proxy": 0.2635849030180411,
  "model": "fixed_lif",
  "prefix_energy_proxy": 0.2635849030180411,
  "prefix_spike_rate": 0.08786163433934703,
  "raw_spike_rate": 0.08786163433934703,
  "run_name": "event_20260711_094138_fixed_rebin_T3",
  "soft_acc": 63.63636363636363,
  "test_acc": 63.63636363636363,
  "test_accuracy": 63.63636363636363,
  "timestep_gates": [],
  "tmax": 3
}