{
  "dataset": "fashionmnist",
  "effective_timestep": 4.421352386474609,
  "energy_proxy": 0.6272368634116432,
  "executed_timestep": 5.0,
  "gated_spike_rate": 0.14186538610458374,
  "hard_acc": 85.2100000667572,
  "hard_budget_proxy": {
    "average": 4.406598091125488,
    "layer1": 4.042293548583984,
    "layer2": 4.770902633666992
  },
  "hard_effective_timestep": 4.5,
  "hard_prefix_masks": {
    "layer1": [
      1.0,
      1.0,
      1.0,
      1.0,
      0.0,
      0.0,
      0.0,
      0.0
    ],
    "layer2": [
      1.0,
      1.0,
      1.0,
      1.0,
      1.0,
      0.0,
      0.0,
      0.0
    ]
  },
  "hard_prefix_steps": {
    "average": 4.5,
    "executed": 5.0,
    "layer1": 4.0,
    "layer2": 5.0
  },
  "layer1_effective_timestep": 4.084806442260742,
  "layer1_hard_timestep": 4.0,
  "layer2_effective_timestep": 4.757898330688477,
  "layer2_hard_timestep": 5.0,
  "loop_energy_proxy": 1.6240329945087433,
  "model": "layerwise_chronoskip_s2h",
  "prefix_energy_proxy": 1.4616296950578689,
  "prefix_spike_rate": 0.3248065989017487,
  "raw_spike_rate": 0.24261793942451476,
  "run_name": "diagnostic_20260702_104015_layerwise_hb_005",
  "soft_acc": 85.3700000667572,
  "test_acc": 85.2100000667572,
  "test_accuracy": 85.2100000667572,
  "timestep_gates": {
    "layer1": [
      0.8505849838256836,
      0.7252105474472046,
      0.6131311058998108,
      0.5167402029037476,
      0.4351275861263275,
      0.3675517439842224,
      0.31175801157951355,
      0.26470237970352173
    ],
    "layer2": [
      0.8887024521827698,
      0.7896291613578796,
      0.7004215717315674,
      0.6198314428329468,
      0.537787914276123,
      0.468995064496994,
      0.39968642592430115,
      0.3528441786766052
    ]
  },
  "tmax": 8
}