{
  "dataset": "fashionmnist",
  "effective_timestep": 7.739001274108887,
  "energy_proxy": 1.9171500573831366,
  "executed_timestep": 8.0,
  "gated_spike_rate": 0.2477257709980011,
  "hard_acc": 86.0799997806549,
  "hard_effective_timestep": 8.0,
  "layer1_effective_timestep": 7.694464683532715,
  "layer1_hard_timestep": 8.0,
  "layer2_effective_timestep": 7.783538341522217,
  "layer2_hard_timestep": 8.0,
  "loop_energy_proxy": 2.0952058540344236,
  "model": "layerwise_chronoskip",
  "prefix_energy_proxy": 2.0952058540344236,
  "prefix_spike_rate": 0.26190073175430295,
  "raw_spike_rate": 0.2557413227081299,
  "run_name": "chronoskip_20260702_090348_layerwise_chronoskip_T8",
  "soft_acc": 86.0499997806549,
  "test_acc": 86.0799997806549,
  "test_accuracy": 86.0799997806549,
  "timestep_gates": {
    "layer1": [
      0.9912880063056946,
      0.982767641544342,
      0.9742627143859863,
      0.9658129215240479,
      0.9574295282363892,
      0.9491750001907349,
      0.9409285187721252,
      0.9328004717826843
    ],
    "layer2": [
      0.9939188957214355,
      0.9878761768341064,
      0.9818474054336548,
      0.9758530855178833,
      0.9698678255081177,
      0.9639721512794495,
      0.9580627679824829,
      0.9521399140357971
    ]
  },
  "tmax": 8
}