Accuracy,Average Timestep,Error Rate,Feature Mode,Fraction Stopped T1,Fraction Stopped T2,Fraction Stopped T3,Fraction Stopped T4,Fraction Stopped T5,Fraction Stopped T6,Fraction Stopped T7,Fraction Stopped T8,Lambda,Median Timestep,Method,Normalized Average Timestep,Number of Samples,Policy,Predictor,Result Type,Timestep Standard Deviation
68.5606062412262,4.681818008422852,31.439393758773804,logit_history,0.0,0.022727273404598236,0.05681818351149559,0.5113636255264282,0.21590909361839294,0.07954545319080353,0.04545454680919647,0.06818182021379471,0.0,4.0,one_step__logit_history,0.5852272510528564,264,one_step__logit_history,one_step,post_hoc_diagnostic,1.3103214502334595
64.01515007019043,2.7992424964904785,35.98484992980957,logit_history,0.0,0.4280303120613098,0.4166666567325592,0.08712121099233627,0.06439393758773804,0.0037878789007663727,0.0,0.0,0.5,3.0,one_step__logit_history,0.3499053120613098,264,one_step__logit_history,one_step,post_hoc_diagnostic,0.875508189201355
51.89393758773804,1.5340908765792847,48.10606241226196,logit_history,0.560606062412262,0.3484848439693451,0.08712121099233627,0.0037878789007663727,0.0,0.0,0.0,0.0,1.0,1.0,one_step__logit_history,0.19176135957241058,264,one_step__logit_history,one_step,post_hoc_diagnostic,0.6676881909370422
42.80303120613098,1.0,57.19696879386902,logit_history,1.0,0.0,0.0,0.0,0.0,0.0,0.0,0.0,1.5,1.0,one_step__logit_history,0.125,264,one_step__logit_history,one_step,post_hoc_diagnostic,0.0
42.80303120613098,1.0,57.19696879386902,logit_history,1.0,0.0,0.0,0.0,0.0,0.0,0.0,0.0,2.0,1.0,one_step__logit_history,0.125,264,one_step__logit_history,one_step,post_hoc_diagnostic,0.0
42.80303120613098,1.0,57.19696879386902,logit_history,1.0,0.0,0.0,0.0,0.0,0.0,0.0,0.0,3.0,1.0,one_step__logit_history,0.125,264,one_step__logit_history,one_step,post_hoc_diagnostic,0.0
42.80303120613098,1.0,57.19696879386902,logit_history,1.0,0.0,0.0,0.0,0.0,0.0,0.0,0.0,4.0,1.0,one_step__logit_history,0.125,264,one_step__logit_history,one_step,post_hoc_diagnostic,0.0
42.80303120613098,1.0,57.19696879386902,logit_history,1.0,0.0,0.0,0.0,0.0,0.0,0.0,0.0,6.0,1.0,one_step__logit_history,0.125,264,one_step__logit_history,one_step,post_hoc_diagnostic,0.0
42.80303120613098,1.0,57.19696879386902,logit_history,1.0,0.0,0.0,0.0,0.0,0.0,0.0,0.0,8.0,1.0,one_step__logit_history,0.125,264,one_step__logit_history,one_step,post_hoc_diagnostic,0.0
