{
  "dataset": "fashionmnist",
  "effective_timestep": 6.0,
  "energy_proxy": 1.657074847126007,
  "executed_timestep": 6.0,
  "gated_spike_rate": 0.27617914118766784,
  "hard_acc": 85.71000003814697,
  "hard_effective_timestep": 6.0,
  "layer1_effective_timestep": 6.0,
  "layer1_hard_timestep": 6.0,
  "layer2_effective_timestep": 6.0,
  "layer2_hard_timestep": 6.0,
  "loop_energy_proxy": 1.657074847126007,
  "model": "fixed_lif",
  "prefix_energy_proxy": 1.657074847126007,
  "prefix_spike_rate": 0.27617914118766784,
  "raw_spike_rate": 0.27617914118766784,
  "run_name": "chronoskip_20260702_090823_fixed_lif_T6",
  "soft_acc": 85.71000003814697,
  "test_acc": 85.71000003814697,
  "test_accuracy": 85.71000003814697,
  "timestep_gates": [],
  "tmax": 6
}