Accuracy,Average Timestep,Error Rate,Feature Mode,Fraction Stopped T1,Fraction Stopped T2,Fraction Stopped T3,Fraction Stopped T4,Fraction Stopped T5,Fraction Stopped T6,Fraction Stopped T7,Fraction Stopped T8,Lambda,Median Timestep,Method,Normalized Average Timestep,Number of Samples,Policy,Predictor,Result Type,Timestep Standard Deviation
68.5606062412262,4.3522725105285645,31.439393758773804,logit_history,0.0,0.125,0.14772726595401764,0.39772728085517883,0.14772726595401764,0.04545454680919647,0.034090910106897354,0.10227272659540176,0.0,4.0,one_step__logit_history,0.5440340638160706,264,one_step__logit_history,one_step,post_hoc_diagnostic,1.6722315549850464
65.53030014038086,2.534090995788574,34.46969985961914,logit_history,0.0,0.5909090638160706,0.3030303120613098,0.08712121099233627,0.018939394503831863,0.0,0.0,0.0,0.5,2.0,one_step__logit_history,0.3167613744735718,264,one_step__logit_history,one_step,post_hoc_diagnostic,0.7326094508171082
60.98484992980957,1.8977272510528564,39.01515007019043,logit_history,0.14393939077854156,0.8181818127632141,0.034090910106897354,0.0037878789007663727,0.0,0.0,0.0,0.0,1.0,2.0,one_step__logit_history,0.23721590638160706,264,one_step__logit_history,one_step,post_hoc_diagnostic,0.42746007442474365
53.409093618392944,1.0,46.590906381607056,logit_history,1.0,0.0,0.0,0.0,0.0,0.0,0.0,0.0,1.5,1.0,one_step__logit_history,0.125,264,one_step__logit_history,one_step,post_hoc_diagnostic,0.0
53.409093618392944,1.0,46.590906381607056,logit_history,1.0,0.0,0.0,0.0,0.0,0.0,0.0,0.0,2.0,1.0,one_step__logit_history,0.125,264,one_step__logit_history,one_step,post_hoc_diagnostic,0.0
53.409093618392944,1.0,46.590906381607056,logit_history,1.0,0.0,0.0,0.0,0.0,0.0,0.0,0.0,3.0,1.0,one_step__logit_history,0.125,264,one_step__logit_history,one_step,post_hoc_diagnostic,0.0
53.409093618392944,1.0,46.590906381607056,logit_history,1.0,0.0,0.0,0.0,0.0,0.0,0.0,0.0,4.0,1.0,one_step__logit_history,0.125,264,one_step__logit_history,one_step,post_hoc_diagnostic,0.0
53.409093618392944,1.0,46.590906381607056,logit_history,1.0,0.0,0.0,0.0,0.0,0.0,0.0,0.0,6.0,1.0,one_step__logit_history,0.125,264,one_step__logit_history,one_step,post_hoc_diagnostic,0.0
53.409093618392944,1.0,46.590906381607056,logit_history,1.0,0.0,0.0,0.0,0.0,0.0,0.0,0.0,8.0,1.0,one_step__logit_history,0.125,264,one_step__logit_history,one_step,post_hoc_diagnostic,0.0
