{
  "dataset": "fashionmnist",
  "effective_timestep": 6.0,
  "energy_proxy": 1.6572734919548036,
  "executed_timestep": 6.0,
  "gated_spike_rate": 0.2762122486591339,
  "hard_acc": 85.61999979972839,
  "hard_effective_timestep": 6.0,
  "layer1_effective_timestep": 6.0,
  "layer1_hard_timestep": 6.0,
  "layer2_effective_timestep": 6.0,
  "layer2_hard_timestep": 6.0,
  "loop_energy_proxy": 1.6572734919548036,
  "model": "fixed_lif",
  "prefix_energy_proxy": 1.6572734919548036,
  "prefix_spike_rate": 0.2762122486591339,
  "raw_spike_rate": 0.2762122486591339,
  "run_name": "chronoskip_20260702_090605_fixed_lif_T6",
  "soft_acc": 85.61999979972839,
  "test_acc": 85.61999979972839,
  "test_accuracy": 85.61999979972839,
  "timestep_gates": [],
  "tmax": 6
}