Model,Accuracy,Soft Accuracy,Hard Accuracy,Raw Spike Rate,Gated Spike Rate,Prefix Spike Rate,Effective Timestep,Hard Effective Timestep,Executed Timestep,Layer1 Effective Timestep,Layer2 Effective Timestep,Layer1 Hard Timestep,Layer2 Hard Timestep,Energy Proxy,Prefix Energy Proxy,Loop Energy Proxy
fixed_lif_T8,85.61999979019166,85.61999979019166,85.61999979019166,0.2762883411407471,0.2762883411407471,0.2762883411407471,8.0,8.0,8.0,8.0,8.0,8.0,8.0,2.2103067291259766,2.2103067291259766,2.2103067291259766
fixed_lif_T6,85.71000003814697,85.71000003814697,85.71000003814697,0.27617914118766784,0.27617914118766784,0.27617914118766784,6.0,6.0,6.0,6.0,6.0,6.0,6.0,1.657074847126007,1.657074847126007,1.657074847126007
fixed_lif_T4,85.94000001907348,85.94000001907348,85.94000001907348,0.27723484644889834,0.27723484644889834,0.27723484644889834,4.0,4.0,4.0,4.0,4.0,4.0,4.0,1.1089393857955934,1.1089393857955934,1.1089393857955934
fixed_lif_T2,86.53999975204468,86.53999975204468,86.53999975204468,0.262417169713974,0.262417169713974,0.262417169713974,2.0,2.0,2.0,2.0,2.0,2.0,2.0,0.524834339427948,0.524834339427948,0.524834339427948
soft_gate_T8,85.7399997997284,85.64999980926514,85.7399997997284,0.25916001205444333,0.23442848765850066,0.27431303429603576,7.254665374755859,8.0,8.0,7.254665374755859,7.254665374755859,8.0,8.0,1.700700232272506,2.194504274368286,2.194504274368286
global_chronoskip_T8,85.6299997997284,85.68000003814697,85.6299997997284,0.2606874037742615,0.23578694648742676,0.27609196920394896,7.254793167114258,8.0,8.0,7.254793167114258,7.254793167114258,8.0,8.0,1.7105855282717188,2.2087357536315917,2.2087357536315917
global_chronoskip_s2h_T8,86.0999997997284,86.05999979019165,86.0999997997284,0.2560738826751709,0.23215034110546112,0.2715436010360718,7.268265724182129,8.0,8.0,7.268265724182129,7.268265724182129,8.0,8.0,1.6873303671140125,2.1723488082885742,2.1723488082885742
layerwise_chronoskip_T8,85.5499997997284,85.68999980926513,85.5499997997284,0.2578200852870941,0.2348904309272766,0.2754492356300354,7.260383129119873,8.0,8.0,7.149054050445557,7.3717122077941895,8.0,8.0,1.7053945218960957,2.2035938850402834,2.2035938850402834
layerwise_chronoskip_s2h_T8,85.97999979972839,85.89000003814698,85.97999979972839,0.2540985408782959,0.2317958776950836,0.27221088395118714,7.268041610717773,8.0,8.0,7.155264854431152,7.3808183670043945,8.0,8.0,1.6847020842807157,2.177687071609497,2.177687071609497
