{
  "average_spike_rate": 0.29358907289505004,
  "candidate_metadata": [],
  "candidate_probabilities": [],
  "dataset": "fashionmnist",
  "effective_timestep": 8.0,
  "energy_proxy": 2.3487125831604003,
  "gated_spike_rate": 0.29358907289505004,
  "hard_effective_timestep": 8.0,
  "model": "fixed_lif",
  "prefix_energy_proxy": 2.3487125831604003,
  "prefix_spike_rate": 0.29358907289505004,
  "raw_spike_rate": 0.29358907289505004,
  "run_name": "suite_20260701_171223_fixed_lif",
  "selected_indices": [],
  "selected_names": [
    "fixed_lif",
    "fixed_lif"
  ],
  "test_accuracy": 88.98999959945678,
  "timestep_gates": []
}