Timestep,Accuracy
1,73.04000091552734
2,83.91000366210938
3,87.22000122070312
4,92.52999877929688
5,95.49000549316406
6,96.29000091552734
7,96.70999908447266
8,96.91000366210938
