{
  "conditional_regression_rate_per_transition": [
    3.7924423217773438,
    1.7637945413589478,
    0.6879156231880188,
    0.3890630006790161,
    0.4293643534183502,
    0.4154117703437805,
    0.403267502784729
  ],
  "conditional_valid_transition_mask": [
    true,
    true,
    true,
    true,
    true,
    true,
    true
  ],
  "consecutive_regression_rate": 0.9157143235206604,
  "consecutive_regression_rate_per_transition": [
    2.7699999809265137,
    1.4800000190734863,
    0.6000000238418579,
    0.35999998450279236,
    0.4099999964237213,
    0.4000000059604645,
    0.38999998569488525
  ],
  "correct_samples_per_transition": [
    7304,
    8391,
    8722,
    9253,
    9549,
    9629,
    9671
  ],
  "dataset": "nmnist",
  "effective_timestep": 8.0,
  "energy_proxy": 1.3036214572906495,
  "ever_regressed_rate": 6.348240375518799,
  "executed_timestep": 8.0,
  "first_correct_valid_fraction": 98.61000180244446,
  "gated_spike_rate": 0.16295268216133119,
  "hard_acc": 0.0,
  "hard_budget_proxy": 0.0,
  "hard_effective_timestep": 8.0,
  "hard_prefix_masks": [],
  "hard_prefix_steps": {},
  "layer1_effective_timestep": 8.0,
  "layer1_hard_timestep": 8.0,
  "layer2_effective_timestep": 8.0,
  "layer2_hard_timestep": 8.0,
  "loop_energy_proxy": 1.3036214572906495,
  "mean_conditional_regression_rate": 1.1258941888809204,
  "mean_first_correct_timestep": 1.5311834812164307,
  "mean_negative_temporal_gain": 0.0,
  "mean_population_regression_rate": 0.9157143235206604,
  "mean_stable_correct_timestep": 1.6840367317199707,
  "model": "fixed_lif",
  "negative_temporal_gain": 0.0,
  "never_correct_fraction": 1.3899999670684338,
  "never_stable_fraction": 3.0899999663233757,
  "num_samples": 10000,
  "population_regression_rate_per_transition": [
    2.7699999809265137,
    1.4800000190734863,
    0.6000000238418579,
    0.35999998450279236,
    0.4099999964237213,
    0.4000000059604645,
    0.38999998569488525
  ],
  "prefix_accuracy_auc": 90.26249694824219,
  "prefix_accuracy_curve": [
    73.04000091552734,
    83.91000366210938,
    87.22000122070312,
    92.52999877929688,
    95.49000549316406,
    96.29000091552734,
    96.70999908447266,
    96.91000366210938
  ],
  "prefix_accuracy_t1": 73.04000091552734,
  "prefix_accuracy_t2": 83.91000366210938,
  "prefix_accuracy_t3": 87.22000122070312,
  "prefix_accuracy_t4": 92.52999877929688,
  "prefix_accuracy_t5": 95.49000549316406,
  "prefix_accuracy_t6": 96.29000091552734,
  "prefix_accuracy_t7": 96.70999908447266,
  "prefix_accuracy_t8": 96.91000366210938,
  "prefix_energy_proxy": 1.3036214572906495,
  "prefix_spike_rate": 0.16295268216133119,
  "raw_spike_rate": 0.16295268216133119,
  "run_name": "shared_fixed_lif_T8",
  "soft_acc": 96.91,
  "stable_correct_valid_fraction": 96.90999984741211,
  "test_acc": 96.91,
  "test_accuracy": 96.91,
  "timestep_gates": [],
  "tmax": 8,
  "worst_prefix_accuracy": 73.04000091552734
}