{
  "average_spike_rate": 0.23804348583221435,
  "candidate_metadata": [
    {
      "name": "fast_sensitive",
      "tau": 2.0,
      "v_th": 0.5
    },
    {
      "name": "fast_balanced",
      "tau": 2.0,
      "v_th": 1.0
    },
    {
      "name": "memory_balanced",
      "tau": 6.0,
      "v_th": 1.0
    },
    {
      "name": "memory_sparse",
      "tau": 6.0,
      "v_th": 1.5
    }
  ],
  "candidate_probabilities": [
    [
      0.25,
      0.25,
      0.25,
      0.25
    ],
    [
      0.25,
      0.25,
      0.25,
      0.25
    ]
  ],
  "dataset": "fashionmnist",
  "effective_timestep": 7.579344272613525,
  "energy_proxy": 1.8042135309753526,
  "gated_spike_rate": 0.23804348583221435,
  "hard_effective_timestep": 8.0,
  "model": "gate_only",
  "prefix_energy_proxy": 2.0760498558044436,
  "prefix_spike_rate": 0.25950623197555545,
  "raw_spike_rate": 0.25164998497962954,
  "run_name": "suite_20260701_175500_gate_only",
  "selected_indices": [
    0,
    0
  ],
  "selected_names": [
    "fast_sensitive",
    "fast_sensitive"
  ],
  "test_accuracy": 89.15999970436096,
  "timestep_gates": [
    0.9875854253768921,
    0.9761013388633728,
    0.9644478559494019,
    0.9529963731765747,
    0.941402792930603,
    0.9302999973297119,
    0.9183453917503357,
    0.9081652164459229
  ]
}