{
  "dataset": "fashionmnist",
  "effective_timestep": 5.369231700897217,
  "energy_proxy": 0.8944503648398091,
  "executed_timestep": 8.0,
  "gated_spike_rate": 0.16658814792633056,
  "hard_acc": 85.58000004768371,
  "hard_budget_proxy": {
    "average": 5.439813613891602,
    "layer1": 5.1514081954956055,
    "layer2": 5.728219032287598
  },
  "hard_effective_timestep": 7.0,
  "hard_prefix_masks": {
    "layer1": [
      1.0,
      1.0,
      1.0,
      1.0,
      1.0,
      1.0,
      0.0,
      0.0
    ],
    "layer2": [
      1.0,
      1.0,
      1.0,
      1.0,
      1.0,
      1.0,
      1.0,
      1.0
    ]
  },
  "hard_prefix_steps": {
    "average": 7.0,
    "executed": 8.0,
    "layer1": 6.0,
    "layer2": 8.0
  },
  "layer1_effective_timestep": 5.097139358520508,
  "layer1_hard_timestep": 6.0,
  "layer2_effective_timestep": 5.641324043273926,
  "layer2_hard_timestep": 8.0,
  "loop_energy_proxy": 2.2273520809173584,
  "model": "layerwise_chronoskip_s2h",
  "prefix_energy_proxy": 1.9489330708026886,
  "prefix_spike_rate": 0.2784190101146698,
  "raw_spike_rate": 0.24180599403381348,
  "run_name": "diagnostic_20260702_104211_layerwise_hb_010",
  "soft_acc": 85.71999981880188,
  "test_acc": 85.58000004768371,
  "test_accuracy": 85.58000004768371,
  "timestep_gates": {
    "layer1": [
      0.9002926349639893,
      0.811687171459198,
      0.7293702960014343,
      0.654234766960144,
      0.585783064365387,
      0.5246166586875916,
      0.4700290858745575,
      0.42112571001052856
    ],
    "layer2": [
      0.9249375462532043,
      0.8566878437995911,
      0.7904780507087708,
      0.7292357087135315,
      0.6671457886695862,
      0.6125709414482117,
      0.5523306727409363,
      0.5079371929168701
    ]
  },
  "tmax": 8
}