Timestep,Accuracy
1,75.2699966430664
2,89.52000427246094
3,93.40999603271484
4,96.59000396728516
5,98.1500015258789
6,98.58999633789062
7,98.8499984741211
8,98.77999877929688
