{
  "beneficial_transition_fraction": 3.6471431255340576,
  "conditional_regression_rate_per_transition": [
    1.0096983909606934,
    0.6702412962913513,
    0.16058237850666046,
    0.010353039018809795,
    0.08150789886713028,
    0.17243127524852753,
    0.2529084384441376
  ],
  "conditional_valid_transition_mask": [
    true,
    true,
    true,
    true,
    true,
    true,
    true
  ],
  "consecutive_regression_rate": 0.28857141733169556,
  "consecutive_regression_rate_per_transition": [
    0.7599999904632568,
    0.6000000238418579,
    0.15000000596046448,
    0.009999999776482582,
    0.07999999821186066,
    0.17000000178813934,
    0.25
  ],
  "correct_samples_per_transition": [
    7527,
    8952,
    9341,
    9659,
    9815,
    9859,
    9885
  ],
  "correct_to_wrong_transition_count": 202.0,
  "destructive_transition_fraction": 0.28857141733169556,
  "ever_recovered_fraction": 96.47103881835938,
  "ever_regressed_fraction": 1.9623630046844482,
  "ever_regressed_rate": 1.9623630046844482,
  "final_accuracy": 98.77999877929688,
  "first_correct_valid_fraction": 99.37000274658203,
  "mean_conditional_regression": 0.31058764457702637,
  "mean_conditional_regression_rate": 0.33681753277778625,
  "mean_first_correct_timestep": 1.4167253971099854,
  "mean_negative_temporal_gain": 0.009999956004321575,
  "mean_population_regression": 0.28857141733169556,
  "mean_population_regression_rate": 0.28857141733169556,
  "mean_prefix_accuracy": 93.64500427246094,
  "mean_stable_correct_timestep": 1.4595059156417847,
  "minimum_prefix_accuracy": 75.2699966430664,
  "negative_temporal_gain": 0.06999969482421875,
  "never_correct_fraction": 0.6300000008195639,
  "never_stable_fraction": 1.2199999764561653,
  "num_samples": 10000,
  "population_regression_rate_per_transition": [
    0.7599999904632568,
    0.6000000238418579,
    0.15000000596046448,
    0.009999999776482582,
    0.07999999821186066,
    0.17000000178813934,
    0.25
  ],
  "prefix_accuracy_auc": 93.64500427246094,
  "prefix_accuracy_curve": [
    75.2699966430664,
    89.52000427246094,
    93.40999603271484,
    96.59000396728516,
    98.1500015258789,
    98.58999633789062,
    98.8499984741211,
    98.77999877929688
  ],
  "prefix_accuracy_t1": 75.2699966430664,
  "prefix_accuracy_t2": 89.52000427246094,
  "prefix_accuracy_t3": 93.40999603271484,
  "prefix_accuracy_t4": 96.59000396728516,
  "prefix_accuracy_t5": 98.1500015258789,
  "prefix_accuracy_t6": 98.58999633789062,
  "prefix_accuracy_t7": 98.8499984741211,
  "prefix_accuracy_t8": 98.77999877929688,
  "stable_by_t4_fraction": 96.21000289916992,
  "stable_by_t6_fraction": 98.18999767303467,
  "stable_correct_fraction": 98.77999877929688,
  "stable_correct_valid_fraction": 98.78000020980835,
  "worst_prefix_accuracy": 75.2699966430664,
  "wrong_to_correct_transition_count": 2553.0
}