{
  "beneficial_transition_fraction": 3.6471431255340576,
  "correct_to_wrong_transition_count": 202.0,
  "destructive_transition_fraction": 0.28857141733169556,
  "ever_recovered_fraction": 96.47103881835938,
  "ever_regressed_fraction": 1.9623630046844482,
  "final_accuracy": 98.77999877929688,
  "mean_conditional_regression": 0.31058764457702637,
  "mean_population_regression": 0.28857141733169556,
  "mean_prefix_accuracy": 93.64500427246094,
  "mean_stable_correct_timestep": 1.4595059156417847,
  "minimum_prefix_accuracy": 75.2699966430664,
  "never_stable_fraction": 1.2199999764561653,
  "prefix_accuracy_curve": [
    75.2699966430664,
    89.52000427246094,
    93.40999603271484,
    96.59000396728516,
    98.1500015258789,
    98.58999633789062,
    98.8499984741211,
    98.77999877929688
  ],
  "prefix_loss_weight": 0.0,
  "stable_by_t4_fraction": 96.21000289916992,
  "stable_by_t6_fraction": 98.18999767303467,
  "stable_correct_fraction": 98.77999877929688,
  "temporal_confidence_threshold": 0.8,
  "temporal_loss_weight": 1.0,
  "temporal_margin": 0.0,
  "temporal_selection_mode": "hard",
  "temporal_temperature": 1.0,
  "temporal_training_mode": "final_ce",
  "wrong_to_correct_transition_count": 2553.0
}