Timestep,Accuracy
1,71.4800033569336
2,87.69999694824219
3,92.1500015258789
4,96.6300048828125
5,98.08999633789062
6,98.37999725341797
7,98.72000122070312
8,98.97999572753906
