{
  "beneficial_transition_fraction": 4.218571186065674,
  "best_epoch": 25,
  "best_validation_accuracy": 98.94166666666666,
  "best_validation_loss": 0.036846363269879175,
  "checkpoint_selection": "best_val",
  "conditional_regression_rate_per_transition": [
    1.3010631799697876,
    0.6841505169868469,
    0.13022245466709137,
    0.03104625828564167,
    0.1631155014038086,
    0.12197601795196533,
    0.07090761512517929
  ],
  "conditional_valid_transition_mask": [
    true,
    true,
    true,
    true,
    true,
    true,
    true
  ],
  "consecutive_regression_rate": 0.28999999165534973,
  "consecutive_regression_rate_per_transition": [
    0.9300000071525574,
    0.6000000238418579,
    0.12000000476837158,
    0.030000001192092896,
    0.1599999964237213,
    0.12000000476837158,
    0.07000000029802322
  ],
  "correct_samples_per_transition": [
    7148,
    8770,
    9215,
    9663,
    9809,
    9838,
    9872
  ],
  "correct_to_wrong_transition_count": 203.0,
  "dataset": "nmnist",
  "destructive_transition_fraction": 0.28999999165534973,
  "effective_timestep": 8.0,
  "energy_proxy": 0.535775893163681,
  "ever_recovered_fraction": 97.25752258300781,
  "ever_regressed_fraction": 1.9923524856567383,
  "ever_regressed_rate": 1.9923524856567383,
  "executed_timestep": 8.0,
  "final_accuracy": 98.97999572753906,
  "first_correct_valid_fraction": 99.37999844551086,
  "gated_spike_rate": 0.06697198664546013,
  "hard_acc": 0.0,
  "hard_budget_proxy": 0.0,
  "hard_effective_timestep": 8.0,
  "hard_prefix_masks": [],
  "hard_prefix_steps": {},
  "layer1_effective_timestep": 8.0,
  "layer1_hard_timestep": 8.0,
  "layer2_effective_timestep": 8.0,
  "layer2_hard_timestep": 8.0,
  "loop_energy_proxy": 0.535775893163681,
  "loss": 0.03845869192908285,
  "mean_conditional_regression": 0.31563401222229004,
  "mean_conditional_regression_rate": 0.35749736428260803,
  "mean_first_correct_timestep": 1.4886294603347778,
  "mean_negative_temporal_gain": 0.0,
  "mean_population_regression": 0.28999999165534973,
  "mean_population_regression_rate": 0.28999999165534973,
  "mean_prefix_accuracy": 92.76625061035156,
  "mean_stable_correct_timestep": 1.5360678434371948,
  "minimum_prefix_accuracy": 71.4800033569336,
  "model": "fixed_lif",
  "negative_temporal_gain": 0.0,
  "never_correct_fraction": 0.6200000178068876,
  "never_stable_fraction": 1.0200000368058681,
  "num_samples": 10000,
  "population_regression_rate_per_transition": [
    0.9300000071525574,
    0.6000000238418579,
    0.12000000476837158,
    0.030000001192092896,
    0.1599999964237213,
    0.12000000476837158,
    0.07000000029802322
  ],
  "prefix_accuracy_auc": 92.76625061035156,
  "prefix_accuracy_curve": [
    71.4800033569336,
    87.69999694824219,
    92.1500015258789,
    96.6300048828125,
    98.08999633789062,
    98.37999725341797,
    98.72000122070312,
    98.97999572753906
  ],
  "prefix_accuracy_t1": 71.4800033569336,
  "prefix_accuracy_t2": 87.69999694824219,
  "prefix_accuracy_t3": 92.1500015258789,
  "prefix_accuracy_t4": 96.6300048828125,
  "prefix_accuracy_t5": 98.08999633789062,
  "prefix_accuracy_t6": 98.37999725341797,
  "prefix_accuracy_t7": 98.72000122070312,
  "prefix_accuracy_t8": 98.97999572753906,
  "prefix_energy_proxy": 0.535775893163681,
  "prefix_spike_rate": 0.06697198664546013,
  "raw_spike_rate": 0.06697198664546013,
  "run_name": "seed_5",
  "selection_metric": "val_acc",
  "soft_acc": 98.98,
  "split_seed": 123,
  "stable_by_t4_fraction": 96.34000062942505,
  "stable_by_t6_fraction": 98.19999933242798,
  "stable_correct_fraction": 98.97999572753906,
  "stable_correct_valid_fraction": 98.9799976348877,
  "test_acc": 98.98,
  "test_accuracy": 98.98,
  "timestep_gates": [],
  "tmax": 8,
  "val_ratio": 0.2,
  "worst_prefix_accuracy": 71.4800033569336,
  "wrong_to_correct_transition_count": 2953.0
}