{
  "beneficial_transition_fraction": 4.218571186065674,
  "correct_to_wrong_transition_count": 203.0,
  "destructive_transition_fraction": 0.28999999165534973,
  "ever_recovered_fraction": 97.25752258300781,
  "ever_regressed_fraction": 1.9923524856567383,
  "final_accuracy": 98.97999572753906,
  "mean_conditional_regression": 0.31563401222229004,
  "mean_population_regression": 0.28999999165534973,
  "mean_prefix_accuracy": 92.76625061035156,
  "mean_stable_correct_timestep": 1.5360678434371948,
  "minimum_prefix_accuracy": 71.4800033569336,
  "never_stable_fraction": 1.0200000368058681,
  "prefix_accuracy_curve": [
    71.4800033569336,
    87.69999694824219,
    92.1500015258789,
    96.6300048828125,
    98.08999633789062,
    98.37999725341797,
    98.72000122070312,
    98.97999572753906
  ],
  "prefix_loss_weight": 0.0,
  "stable_by_t4_fraction": 96.34000062942505,
  "stable_by_t6_fraction": 98.19999933242798,
  "stable_correct_fraction": 98.97999572753906,
  "temporal_confidence_threshold": 0.8,
  "temporal_loss_weight": 1.0,
  "temporal_margin": 0.0,
  "temporal_selection_mode": "hard",
  "temporal_temperature": 1.0,
  "temporal_training_mode": "final_ce",
  "wrong_to_correct_transition_count": 2953.0
}