{
  "dataset": "fashionmnist",
  "effective_timestep": 7.301736831665039,
  "energy_proxy": 1.722311014212833,
  "executed_timestep": 8.0,
  "gated_spike_rate": 0.23587689530849457,
  "hard_acc": 86.08000002861023,
  "hard_budget_proxy": {
    "average": 7.996835231781006,
    "layer1": 7.995667457580566,
    "layer2": 7.998003005981445
  },
  "hard_effective_timestep": 8.0,
  "hard_prefix_masks": {
    "layer1": [
      1.0,
      1.0,
      1.0,
      1.0,
      1.0,
      1.0,
      1.0,
      1.0
    ],
    "layer2": [
      1.0,
      1.0,
      1.0,
      1.0,
      1.0,
      1.0,
      1.0,
      1.0
    ]
  },
  "hard_prefix_steps": {
    "average": 8.0,
    "executed": 8.0,
    "layer1": 8.0,
    "layer2": 8.0
  },
  "layer1_effective_timestep": 7.186744689941406,
  "layer1_hard_timestep": 8.0,
  "layer2_effective_timestep": 7.416728973388672,
  "layer2_hard_timestep": 8.0,
  "loop_energy_proxy": 2.195436706161499,
  "model": "layerwise_chronoskip_s2h",
  "prefix_energy_proxy": 2.195436706161499,
  "prefix_spike_rate": 0.2744295882701874,
  "raw_spike_rate": 0.25739687752723694,
  "run_name": "diagnostic_20260702_103443_layerwise_hb_010",
  "soft_acc": 85.94999979019165,
  "test_acc": 86.08000002861023,
  "test_accuracy": 86.08000002861023,
  "timestep_gates": {
    "layer1": [
      0.9760119318962097,
      0.952980637550354,
      0.930281937122345,
      0.9080470204353333,
      0.8862610459327698,
      0.8651358485221863,
      0.8442016839981079,
      0.8238246440887451
    ],
    "layer2": [
      0.9831259846687317,
      0.9667026400566101,
      0.9503993988037109,
      0.9344209432601929,
      0.9185278415679932,
      0.9031871557235718,
      0.8876514434814453,
      0.8727133870124817
    ]
  },
  "tmax": 8
}