{
  "dataset": "dvs_gesture",
  "effective_timestep": 6.0,
  "energy_proxy": 0.5416768938302994,
  "executed_timestep": 6.0,
  "gated_spike_rate": 0.0902794823050499,
  "hard_acc": 64.77272727272727,
  "hard_budget_proxy": 0.0,
  "hard_effective_timestep": 6.0,
  "hard_prefix_masks": [],
  "hard_prefix_steps": {},
  "layer1_effective_timestep": 6.0,
  "layer1_hard_timestep": 6.0,
  "layer2_effective_timestep": 6.0,
  "layer2_hard_timestep": 6.0,
  "loop_energy_proxy": 0.5416768938302994,
  "model": "fixed_lif",
  "prefix_energy_proxy": 0.5416768938302994,
  "prefix_spike_rate": 0.0902794823050499,
  "raw_spike_rate": 0.0902794823050499,
  "run_name": "event_20260711_094138_fixed_prefix_T6",
  "soft_acc": 64.77272727272727,
  "test_acc": 64.77272727272727,
  "test_accuracy": 64.77272727272727,
  "timestep_gates": [],
  "tmax": 8
}