{
  "dataset": "fashionmnist",
  "effective_timestep": 4.0,
  "energy_proxy": 1.129836625289917,
  "executed_timestep": 4.0,
  "gated_spike_rate": 0.28245915632247925,
  "hard_acc": 88.53999974250793,
  "hard_budget_proxy": 0.0,
  "hard_effective_timestep": 4.0,
  "hard_prefix_masks": [],
  "hard_prefix_steps": {},
  "layer1_effective_timestep": 4.0,
  "layer1_hard_timestep": 4.0,
  "layer2_effective_timestep": 4.0,
  "layer2_hard_timestep": 4.0,
  "loop_energy_proxy": 1.129836625289917,
  "model": "fixed_lif",
  "prefix_energy_proxy": 1.129836625289917,
  "prefix_spike_rate": 0.28245915632247925,
  "raw_spike_rate": 0.28245915632247925,
  "run_name": "fixed_lif_T4",
  "soft_acc": 88.53999974250793,
  "test_acc": 88.53999974250793,
  "test_accuracy": 88.53999974250793,
  "timestep_gates": [],
  "tmax": 4
}