{
  "beneficial_transition_fraction": 3.1385281085968018,
  "conditional_regression_rate_per_transition": [
    7.344632625579834,
    6.077348232269287,
    3.7837836742401123,
    0.5405405759811401,
    4.6875,
    1.0752688646316528,
    2.1052632331848145
  ],
  "conditional_valid_transition_mask": [
    true,
    true,
    true,
    true,
    true,
    true,
    true
  ],
  "consecutive_regression_rate": 2.543290376663208,
  "consecutive_regression_rate_per_transition": [
    4.9242424964904785,
    4.1666669845581055,
    2.651515245437622,
    0.3787878751754761,
    3.409090995788574,
    0.7575757503509521,
    1.5151515007019043
  ],
  "correct_samples_per_transition": [
    177,
    181,
    185,
    185,
    192,
    186,
    190
  ],
  "correct_to_wrong_transition_count": 47.0,
  "destructive_transition_fraction": 2.54328989982605,
  "ever_recovered_fraction": 45.21739196777344,
  "ever_regressed_fraction": 19.004526138305664,
  "ever_regressed_rate": 19.004526138305664,
  "final_accuracy": 71.21212005615234,
  "first_correct_valid_fraction": 83.71211886405945,
  "mean_conditional_regression": 3.6265432834625244,
  "mean_conditional_regression_rate": 3.659191131591797,
  "mean_first_correct_timestep": 1.4751131534576416,
  "mean_negative_temporal_gain": 0.4329005777835846,
  "mean_population_regression": 2.54328989982605,
  "mean_population_regression_rate": 2.543290376663208,
  "mean_prefix_accuracy": 70.26515197753906,
  "mean_stable_correct_timestep": 1.648936152458191,
  "minimum_prefix_accuracy": 67.04545593261719,
  "negative_temporal_gain": 3.030303955078125,
  "never_correct_fraction": 16.287878155708313,
  "never_stable_fraction": 28.787878155708313,
  "num_samples": 264,
  "population_regression_rate_per_transition": [
    4.9242424964904785,
    4.1666669845581055,
    2.651515245437622,
    0.3787878751754761,
    3.409090995788574,
    0.7575757503509521,
    1.5151515007019043
  ],
  "prefix_accuracy_auc": 70.26515197753906,
  "prefix_accuracy_curve": [
    67.04545593261719,
    68.56060791015625,
    70.07575988769531,
    70.07575988769531,
    72.7272720336914,
    70.45454406738281,
    71.96969604492188,
    71.21212005615234
  ],
  "prefix_accuracy_t1": 67.04545593261719,
  "prefix_accuracy_t2": 68.56060791015625,
  "prefix_accuracy_t3": 70.07575988769531,
  "prefix_accuracy_t4": 70.07575988769531,
  "prefix_accuracy_t5": 72.7272720336914,
  "prefix_accuracy_t6": 70.45454406738281,
  "prefix_accuracy_t7": 71.96969604492188,
  "prefix_accuracy_t8": 71.21212005615234,
  "stable_correct_fraction": 71.21212005615234,
  "stable_correct_valid_fraction": 71.21211886405945,
  "worst_prefix_accuracy": 67.04545593261719,
  "wrong_to_correct_transition_count": 58.0
}