Timestep,Accuracy
1,67.04545593261719
2,68.56060791015625
3,70.07575988769531
4,70.07575988769531
5,72.7272720336914
6,70.45454406738281
7,71.96969604492188
8,71.21212005615234
