{
  "beneficial_transition_fraction": 3.1385281085968018,
  "correct_to_wrong_transition_count": 47.0,
  "destructive_transition_fraction": 2.54328989982605,
  "ever_recovered_fraction": 45.21739196777344,
  "ever_regressed_fraction": 19.004526138305664,
  "final_accuracy": 71.21212005615234,
  "mean_conditional_regression": 3.6265432834625244,
  "mean_population_regression": 2.54328989982605,
  "mean_prefix_accuracy": 70.26515197753906,
  "minimum_prefix_accuracy": 67.04545593261719,
  "prefix_accuracy_curve": [
    67.04545593261719,
    68.56060791015625,
    70.07575988769531,
    70.07575988769531,
    72.7272720336914,
    70.45454406738281,
    71.96969604492188,
    71.21212005615234
  ],
  "prefix_loss_weight": 0.0,
  "stable_correct_fraction": 71.21212005615234,
  "temporal_confidence_threshold": 0.8,
  "temporal_loss_weight": 1.0,
  "temporal_margin": 0.0,
  "temporal_selection_mode": "hard",
  "temporal_temperature": 1.0,
  "temporal_training_mode": "all_prefix_ce",
  "wrong_to_correct_transition_count": 58.0
}