{
  "average_spike_rate": 0.33033194575309754,
  "candidate_metadata": [
    {
      "name": "fast_sensitive",
      "tau": 2.0,
      "v_th": 0.5
    },
    {
      "name": "fast_balanced",
      "tau": 2.0,
      "v_th": 1.0
    },
    {
      "name": "memory_balanced",
      "tau": 6.0,
      "v_th": 1.0
    },
    {
      "name": "memory_sparse",
      "tau": 6.0,
      "v_th": 1.5
    }
  ],
  "candidate_probabilities": [
    [
      0.2722764015197754,
      0.22483563423156738,
      0.28177410364151,
      0.22111386060714722
    ],
    [
      0.26530367136001587,
      0.2347709685564041,
      0.2754260003566742,
      0.22449937462806702
    ]
  ],
  "dataset": "fashionmnist",
  "effective_timestep": 8.0,
  "energy_proxy": 2.6426555660247804,
  "gated_spike_rate": 0.33033194575309754,
  "hard_effective_timestep": 8.0,
  "model": "neuron_only",
  "prefix_energy_proxy": 2.6426555660247804,
  "prefix_spike_rate": 0.33033194575309754,
  "raw_spike_rate": 0.33033194575309754,
  "run_name": "suite_20260701_165801_neuron_only",
  "selected_indices": [
    2,
    2
  ],
  "selected_names": [
    "memory_balanced",
    "memory_balanced"
  ],
  "test_accuracy": 87.97000032424927,
  "timestep_gates": [
    1.0,
    1.0,
    1.0,
    1.0,
    1.0,
    1.0,
    1.0,
    1.0
  ]
}