Timestep,Accuracy
1,42.80303192138672
2,58.712120056152344
3,64.7727279663086
4,67.04545593261719
5,69.69696807861328
6,71.21212005615234
7,71.21212005615234
8,71.21212005615234
