From Timestep,To Timestep,Population Regression Rate,Conditional Regression Rate,Correct Samples at From Timestep,Conditional Metric Valid
1,2,3.0303030014038086,7.079646110534668,113,True
2,3,2.651515245437622,4.516129016876221,155,True
3,4,3.78787899017334,5.8479533195495605,171,True
4,5,1.89393949508667,2.8248586654663086,177,True
5,6,1.1363636255264282,1.6304347515106201,184,True
6,7,1.5151515007019043,2.127659559249878,188,True
7,8,1.5151515007019043,2.127659559249878,188,True
