{
  "best_epoch": 26,
  "best_validation_accuracy": 80.93023289081663,
  "best_validation_loss": 0.5113805547703144,
  "checkpoint_selection": "best_val",
  "conditional_regression_rate_per_transition": [
    7.079646110534668,
    4.516129016876221,
    5.8479533195495605,
    2.8248586654663086,
    1.6304347515106201,
    2.127659559249878,
    2.127659559249878
  ],
  "conditional_valid_transition_mask": [
    true,
    true,
    true,
    true,
    true,
    true,
    true
  ],
  "consecutive_regression_rate": 2.2186148166656494,
  "consecutive_regression_rate_per_transition": [
    3.0303030014038086,
    2.651515245437622,
    3.78787899017334,
    1.89393949508667,
    1.1363636255264282,
    1.5151515007019043,
    1.5151515007019043
  ],
  "correct_samples_per_transition": [
    113,
    155,
    171,
    177,
    184,
    188,
    188
  ],
  "dataset": "dvs_gesture",
  "effective_timestep": 8.0,
  "energy_proxy": 0.8994060790900028,
  "ever_regressed_rate": 16.589862823486328,
  "executed_timestep": 8.0,
  "first_correct_valid_fraction": 82.19696879386902,
  "gated_spike_rate": 0.11242575988625035,
  "hard_acc": 0.0,
  "hard_budget_proxy": 0.0,
  "hard_effective_timestep": 8.0,
  "hard_prefix_masks": [],
  "hard_prefix_steps": {},
  "layer1_effective_timestep": 8.0,
  "layer1_hard_timestep": 8.0,
  "layer2_effective_timestep": 8.0,
  "layer2_hard_timestep": 8.0,
  "loop_energy_proxy": 0.8994060790900028,
  "loss": 0.8222642342249552,
  "mean_conditional_regression_rate": 3.7363345623016357,
  "mean_first_correct_timestep": 2.0414745807647705,
  "mean_negative_temporal_gain": 0.0,
  "mean_population_regression_rate": 2.2186148166656494,
  "mean_stable_correct_timestep": 2.2606382369995117,
  "model": "fixed_lif",
  "negative_temporal_gain": 0.0,
  "never_correct_fraction": 17.803029716014862,
  "never_stable_fraction": 28.787878155708313,
  "num_samples": 264,
  "population_regression_rate_per_transition": [
    3.0303030014038086,
    2.651515245437622,
    3.78787899017334,
    1.89393949508667,
    1.1363636255264282,
    1.5151515007019043,
    1.5151515007019043
  ],
  "prefix_accuracy_auc": 64.58333587646484,
  "prefix_accuracy_curve": [
    42.80303192138672,
    58.712120056152344,
    64.7727279663086,
    67.04545593261719,
    69.69696807861328,
    71.21212005615234,
    71.21212005615234,
    71.21212005615234
  ],
  "prefix_accuracy_t1": 42.80303192138672,
  "prefix_accuracy_t2": 58.712120056152344,
  "prefix_accuracy_t3": 64.7727279663086,
  "prefix_accuracy_t4": 67.04545593261719,
  "prefix_accuracy_t5": 69.69696807861328,
  "prefix_accuracy_t6": 71.21212005615234,
  "prefix_accuracy_t7": 71.21212005615234,
  "prefix_accuracy_t8": 71.21212005615234,
  "prefix_energy_proxy": 0.8994060790900028,
  "prefix_spike_rate": 0.11242575988625035,
  "raw_spike_rate": 0.11242575988625035,
  "run_name": "seed_2_shared_fixed_lif_T8",
  "selection_metric": "val_acc",
  "soft_acc": 71.21212121212122,
  "split_seed": 42,
  "stable_correct_valid_fraction": 71.21211886405945,
  "test_acc": 71.21212121212122,
  "test_accuracy": 71.21212121212122,
  "timestep_gates": [],
  "tmax": 8,
  "val_ratio": 0.2,
  "worst_prefix_accuracy": 42.80303192138672
}