{
  "dataset": "fashionmnist",
  "effective_timestep": 6.17348575592041,
  "energy_proxy": 1.179661342795456,
  "executed_timestep": 8.0,
  "gated_spike_rate": 0.19108513236045838,
  "hard_acc": 85.88999979019165,
  "hard_budget_proxy": {
    "average": 6.251102447509766,
    "layer1": 6.053818225860596,
    "layer2": 6.448386192321777
  },
  "hard_effective_timestep": 8.0,
  "hard_prefix_masks": {
    "layer1": [
      1.0,
      1.0,
      1.0,
      1.0,
      1.0,
      1.0,
      1.0,
      1.0
    ],
    "layer2": [
      1.0,
      1.0,
      1.0,
      1.0,
      1.0,
      1.0,
      1.0,
      1.0
    ]
  },
  "hard_prefix_steps": {
    "average": 8.0,
    "executed": 8.0,
    "layer1": 8.0,
    "layer2": 8.0
  },
  "layer1_effective_timestep": 5.9551615715026855,
  "layer1_hard_timestep": 8.0,
  "layer2_effective_timestep": 6.391809463500977,
  "layer2_hard_timestep": 8.0,
  "loop_energy_proxy": 2.3388411193847656,
  "model": "layerwise_chronoskip_s2h",
  "prefix_energy_proxy": 2.3388411193847656,
  "prefix_spike_rate": 0.2923551399230957,
  "raw_spike_rate": 0.24427671580314636,
  "run_name": "diagnostic_20260702_104424_layerwise_hb_010",
  "soft_acc": 85.7500000667572,
  "test_acc": 85.88999979019165,
  "test_accuracy": 85.88999979019165,
  "timestep_gates": {
    "layer1": [
      0.9344459176063538,
      0.873928427696228,
      0.8163170218467712,
      0.7619982957839966,
      0.7108121514320374,
      0.6631178259849548,
      0.6181976795196533,
      0.5763441920280457
    ],
    "layer2": [
      0.9508969783782959,
      0.9055279493331909,
      0.8602707982063293,
      0.8173423409461975,
      0.7739115357398987,
      0.7340959310531616,
      0.6923528909683228,
      0.6574112176895142
    ]
  },
  "tmax": 8
}