{
  "dataset": "fashionmnist",
  "effective_timestep": 6.0,
  "energy_proxy": 1.6571925676345824,
  "executed_timestep": 6.0,
  "gated_spike_rate": 0.2761987612724304,
  "hard_acc": 85.68000004768372,
  "hard_effective_timestep": 6.0,
  "layer1_effective_timestep": 6.0,
  "layer1_hard_timestep": 6.0,
  "layer2_effective_timestep": 6.0,
  "layer2_hard_timestep": 6.0,
  "loop_energy_proxy": 1.6571925676345824,
  "model": "fixed_lif",
  "prefix_energy_proxy": 1.6571925676345824,
  "prefix_spike_rate": 0.2761987612724304,
  "raw_spike_rate": 0.2761987612724304,
  "run_name": "chronoskip_20260702_090348_fixed_lif_T6",
  "soft_acc": 85.68000004768372,
  "test_acc": 85.68000004768372,
  "test_accuracy": 85.68000004768372,
  "timestep_gates": [],
  "tmax": 6
}