{
  "average_spike_rate": 0.24325410323143004,
  "candidate_metadata": [
    {
      "name": "fast_sensitive",
      "tau": 2.0,
      "v_th": 0.5
    },
    {
      "name": "fast_balanced",
      "tau": 2.0,
      "v_th": 1.0
    },
    {
      "name": "memory_balanced",
      "tau": 6.0,
      "v_th": 1.0
    },
    {
      "name": "memory_sparse",
      "tau": 6.0,
      "v_th": 1.5
    }
  ],
  "candidate_probabilities": [
    [
      0.25,
      0.25,
      0.25,
      0.25
    ],
    [
      0.25,
      0.25,
      0.25,
      0.25
    ]
  ],
  "dataset": "fashionmnist",
  "effective_timestep": 7.6392292976379395,
  "energy_proxy": 1.8582738721761842,
  "gated_spike_rate": 0.24325410323143004,
  "hard_effective_timestep": 8.0,
  "model": "gate_only",
  "prefix_energy_proxy": 2.0963828464508056,
  "prefix_spike_rate": 0.2620478558063507,
  "raw_spike_rate": 0.25513058352470397,
  "run_name": "suite_20260701_171223_gate_only",
  "selected_indices": [
    0,
    0
  ],
  "selected_names": [
    "fast_sensitive",
    "fast_sensitive"
  ],
  "test_accuracy": 89.17999999046326,
  "timestep_gates": [
    0.9892290830612183,
    0.9796343445777893,
    0.9697064757347107,
    0.9599334001541138,
    0.9498720765113831,
    0.9404053688049316,
    0.9296023845672607,
    0.9208461046218872
  ]
}