epoch,train_loss,train_ce_loss,train_ce_hard,train_consistency_loss,train_spike_cost,train_time_cost,train_acc_soft,train_acc_hard,test_acc,soft_acc,hard_acc,raw_spike_rate,gated_spike_rate,prefix_spike_rate,effective_timestep,hard_effective_timestep,layer1_effective_timestep,layer2_effective_timestep,layer1_hard_timestep,layer2_hard_timestep,energy_proxy,prefix_energy_proxy,executed_timestep,loop_energy_proxy
1,1.250930045636495,1.250930045636495,0.0,0.0,0.14804420572916666,1.0,58.84333331743876,0.0,78.30999985694885,78.30999985694885,78.30999985694885,0.23940749378204346,0.23940749378204346,0.23940749378204346,8.0,8.0,8.0,8.0,8.0,8.0,1.9152599502563477,1.9152599502563477,8.0,1.9152599502563477
2,0.5083243523915608,0.5083243523915608,0.0,0.0,0.25290520833333335,1.0,81.48499999682109,0.0,81.80999975204467,81.80999975204467,81.80999975204467,0.26258374309539795,0.26258374309539795,0.26258374309539795,8.0,8.0,8.0,8.0,8.0,8.0,2.1006699447631836,2.1006699447631836,8.0,2.1006699447631836
3,0.4326227774779002,0.4326227774779002,0.0,0.0,0.26919140625,1.0,84.45999999046326,0.0,84.01999990463257,84.01999990463257,84.01999990463257,0.2743675702095032,0.2743675702095032,0.2743675702095032,8.0,8.0,8.0,8.0,8.0,8.0,2.1949405616760256,2.1949405616760256,8.0,2.1949405616760256
4,0.3935200794537862,0.3935200794537862,0.0,0.0,0.2779337239583333,1.0,85.83499998092651,0.0,84.54999963760376,84.54999963760376,84.54999963760376,0.27688008069992065,0.27688008069992065,0.27688008069992065,8.0,8.0,8.0,8.0,8.0,8.0,2.215040645599365,2.215040645599365,8.0,2.215040645599365
5,0.37010652302106223,0.37010652302106223,0.0,0.0,0.2762231770833333,1.0,86.77500001589458,0.0,85.69000002861023,85.69000002861023,85.69000002861023,0.274754002904892,0.274754002904892,0.274754002904892,8.0,8.0,8.0,8.0,8.0,8.0,2.198032023239136,2.198032023239136,8.0,2.198032023239136
