{
  "dataset": "fashionmnist",
  "effective_timestep": 8.0,
  "energy_proxy": 2.198032023239136,
  "executed_timestep": 8.0,
  "gated_spike_rate": 0.274754002904892,
  "hard_acc": 85.69000002861023,
  "hard_effective_timestep": 8.0,
  "layer1_effective_timestep": 8.0,
  "layer1_hard_timestep": 8.0,
  "layer2_effective_timestep": 8.0,
  "layer2_hard_timestep": 8.0,
  "loop_energy_proxy": 2.198032023239136,
  "model": "fixed_lif",
  "prefix_energy_proxy": 2.198032023239136,
  "prefix_spike_rate": 0.274754002904892,
  "raw_spike_rate": 0.274754002904892,
  "run_name": "chronoskip_20260702_090348_fixed_lif_T8",
  "soft_acc": 85.69000002861023,
  "test_acc": 85.69000002861023,
  "test_accuracy": 85.69000002861023,
  "timestep_gates": [],
  "tmax": 8
}