{
  "dataset": "fashionmnist",
  "effective_timestep": 6.208992958068848,
  "energy_proxy": 1.2048125773472789,
  "executed_timestep": 8.0,
  "gated_spike_rate": 0.1940431540966034,
  "hard_acc": 85.81000003814697,
  "hard_budget_proxy": {
    "global": 6.287300109863281
  },
  "hard_effective_timestep": 8.0,
  "hard_prefix_masks": [
    1.0,
    1.0,
    1.0,
    1.0,
    1.0,
    1.0,
    1.0,
    1.0
  ],
  "hard_prefix_steps": {
    "global": 8.0
  },
  "layer1_effective_timestep": 6.208992958068848,
  "layer1_hard_timestep": 8.0,
  "layer2_effective_timestep": 6.208992958068848,
  "layer2_hard_timestep": 8.0,
  "loop_energy_proxy": 2.3257508888244627,
  "model": "global_chronoskip_s2h",
  "prefix_energy_proxy": 2.3257508888244627,
  "prefix_spike_rate": 0.29071886110305784,
  "raw_spike_rate": 0.24980752425193786,
  "run_name": "diagnostic_20260702_104424_global_hb_005",
  "soft_acc": 85.6800000667572,
  "test_acc": 85.81000003814697,
  "test_accuracy": 85.81000003814697,
  "timestep_gates": [
    0.9442055225372314,
    0.8940389752388,
    0.8436909317970276,
    0.7961549162864685,
    0.7483766674995422,
    0.7039918303489685,
    0.6583952903747559,
    0.6201390027999878
  ],
  "tmax": 8
}