{
  "average_spike_rate": 0.04203763045370579,
  "candidate_metadata": [
    {
      "name": "fast_sensitive",
      "tau": 2.0,
      "v_th": 0.5
    },
    {
      "name": "fast_balanced",
      "tau": 2.0,
      "v_th": 1.0
    },
    {
      "name": "memory_balanced",
      "tau": 6.0,
      "v_th": 1.0
    },
    {
      "name": "memory_sparse",
      "tau": 6.0,
      "v_th": 1.5
    }
  ],
  "candidate_probabilities": [
    [
      0.24972869455814362,
      0.25014907121658325,
      0.24997982382774353,
      0.250142365694046
    ],
    [
      0.25007274746894836,
      0.24969853460788727,
      0.25052523612976074,
      0.2497035413980484
    ]
  ],
  "dataset": "fashionmnist",
  "effective_timestep": 7.7625627517700195,
  "energy_proxy": 0.3263197443326096,
  "gated_spike_rate": 0.04203763045370579,
  "hard_effective_timestep": 8.0,
  "model": "spikegate",
  "prefix_energy_proxy": 0.34938663244247437,
  "prefix_spike_rate": 0.043673329055309296,
  "raw_spike_rate": 0.04340050742030144,
  "run_name": "spikegate_fashionmnist_seed0_1782924999",
  "selected_indices": [
    1,
    2
  ],
  "selected_names": [
    "fast_balanced",
    "memory_balanced"
  ],
  "test_accuracy": 30.56640625,
  "timestep_gates": [
    0.9932998418807983,
    0.9866452813148499,
    0.980035662651062,
    0.97347092628479,
    0.9669503569602966,
    0.9604734778404236,
    0.9540393948554993,
    0.947647750377655
  ]
}