{
  "dataset": "dvs_gesture",
  "effective_timestep": 3.0,
  "energy_proxy": 0.2503455457362262,
  "executed_timestep": 3.0,
  "gated_spike_rate": 0.08344851524540872,
  "hard_acc": 64.01515151515152,
  "hard_budget_proxy": 0.0,
  "hard_effective_timestep": 3.0,
  "hard_prefix_masks": [],
  "hard_prefix_steps": {},
  "layer1_effective_timestep": 3.0,
  "layer1_hard_timestep": 3.0,
  "layer2_effective_timestep": 3.0,
  "layer2_hard_timestep": 3.0,
  "loop_energy_proxy": 0.2503455457362262,
  "model": "fixed_lif",
  "prefix_energy_proxy": 0.2503455457362262,
  "prefix_spike_rate": 0.08344851524540872,
  "raw_spike_rate": 0.08344851524540872,
  "run_name": "event_20260711_094138_fixed_prefix_T3",
  "soft_acc": 64.01515151515152,
  "test_acc": 64.01515151515152,
  "test_accuracy": 64.01515151515152,
  "timestep_gates": [],
  "tmax": 8
}