{
  "average_spike_rate": 0.3153322088241577,
  "candidate_metadata": [
    {
      "name": "fast_sensitive",
      "tau": 2.0,
      "v_th": 0.5
    },
    {
      "name": "fast_balanced",
      "tau": 2.0,
      "v_th": 1.0
    },
    {
      "name": "memory_balanced",
      "tau": 6.0,
      "v_th": 1.0
    },
    {
      "name": "memory_sparse",
      "tau": 6.0,
      "v_th": 1.5
    }
  ],
  "candidate_probabilities": [
    [
      0.2728407382965088,
      0.22438257932662964,
      0.28201255202293396,
      0.2207641452550888
    ],
    [
      0.2667379677295685,
      0.23363354802131653,
      0.27565082907676697,
      0.22397764027118683
    ]
  ],
  "dataset": "fashionmnist",
  "effective_timestep": 7.639673709869385,
  "energy_proxy": 2.4090351856289605,
  "gated_spike_rate": 0.3153322088241577,
  "hard_effective_timestep": 8.0,
  "model": "spikegate",
  "prefix_energy_proxy": 2.682457162094116,
  "prefix_spike_rate": 0.3353071452617645,
  "raw_spike_rate": 0.3312348066329956,
  "run_name": "suite_20260701_175500_spikegate",
  "selected_indices": [
    2,
    2
  ],
  "selected_names": [
    "memory_balanced",
    "memory_balanced"
  ],
  "test_accuracy": 87.7599997138977,
  "timestep_gates": [
    0.9890187978744507,
    0.9792658686637878,
    0.9698651432991028,
    0.960226833820343,
    0.9503938555717468,
    0.940718948841095,
    0.9298517107963562,
    0.9203326106071472
  ]
}