{
  "dataset": "fashionmnist",
  "effective_timestep": 7.265812397003174,
  "energy_proxy": 1.693846361114188,
  "executed_timestep": 8.0,
  "gated_spike_rate": 0.23312552933692932,
  "hard_acc": 85.9899997997284,
  "hard_budget_proxy": {
    "average": 7.062361717224121,
    "layer1": 6.999032020568848,
    "layer2": 7.125691890716553
  },
  "hard_effective_timestep": 8.0,
  "hard_prefix_masks": {
    "layer1": [
      1.0,
      1.0,
      1.0,
      1.0,
      1.0,
      1.0,
      1.0,
      1.0
    ],
    "layer2": [
      1.0,
      1.0,
      1.0,
      1.0,
      1.0,
      1.0,
      1.0,
      1.0
    ]
  },
  "hard_prefix_steps": {
    "average": 8.0,
    "executed": 8.0,
    "layer1": 8.0,
    "layer2": 8.0
  },
  "layer1_effective_timestep": 7.151797294616699,
  "layer1_hard_timestep": 8.0,
  "layer2_effective_timestep": 7.379827499389648,
  "layer2_hard_timestep": 8.0,
  "loop_energy_proxy": 2.1899322998046875,
  "model": "layerwise_chronoskip_s2h",
  "prefix_energy_proxy": 2.1899322998046875,
  "prefix_spike_rate": 0.27374153747558594,
  "raw_spike_rate": 0.2556859915733337,
  "run_name": "diagnostic_20260702_101556_layerwise_hb_005_dep",
  "soft_acc": 85.8799997997284,
  "test_acc": 85.9899997997284,
  "test_accuracy": 85.9899997997284,
  "timestep_gates": {
    "layer1": [
      0.97499018907547,
      0.9508984088897705,
      0.92720627784729,
      0.9040147066116333,
      0.8813306093215942,
      0.8593300580978394,
      0.837578296661377,
      0.8164491057395935
    ],
    "layer2": [
      0.9819434285163879,
      0.9646339416503906,
      0.9472830295562744,
      0.9303398132324219,
      0.9133318662643433,
      0.8970997929573059,
      0.8803405165672302,
      0.8648548722267151
    ]
  },
  "tmax": 8
}