{
  "dataset": "fashionmnist",
  "effective_timestep": 7.3019914627075195,
  "energy_proxy": 1.7164324619623443,
  "executed_timestep": 8.0,
  "gated_spike_rate": 0.2350636084318161,
  "hard_acc": 86.05000002861023,
  "hard_budget_proxy": {
    "average": 7.996838569641113,
    "layer1": 7.995673179626465,
    "layer2": 7.998003959655762
  },
  "hard_effective_timestep": 8.0,
  "hard_prefix_masks": {
    "layer1": [
      1.0,
      1.0,
      1.0,
      1.0,
      1.0,
      1.0,
      1.0,
      1.0
    ],
    "layer2": [
      1.0,
      1.0,
      1.0,
      1.0,
      1.0,
      1.0,
      1.0,
      1.0
    ]
  },
  "hard_prefix_steps": {
    "average": 8.0,
    "executed": 8.0,
    "layer1": 8.0,
    "layer2": 8.0
  },
  "layer1_effective_timestep": 7.187074661254883,
  "layer1_hard_timestep": 8.0,
  "layer2_effective_timestep": 7.416908264160156,
  "layer2_hard_timestep": 8.0,
  "loop_energy_proxy": 2.189795278930664,
  "model": "layerwise_chronoskip_s2h",
  "prefix_energy_proxy": 2.189795278930664,
  "prefix_spike_rate": 0.273724409866333,
  "raw_spike_rate": 0.2565084340572357,
  "run_name": "diagnostic_20260702_103443_layerwise_hb_005",
  "soft_acc": 85.8299997806549,
  "test_acc": 86.05000002861023,
  "test_accuracy": 86.05000002861023,
  "timestep_gates": {
    "layer1": [
      0.9760194420814514,
      0.9529963731765747,
      0.9303067326545715,
      0.9080811142921448,
      0.8863054513931274,
      0.8651889562606812,
      0.8442692756652832,
      0.8239073157310486
    ],
    "layer2": [
      0.9831302762031555,
      0.9667107462882996,
      0.9504134058952332,
      0.9344393014907837,
      0.9185514450073242,
      0.9032140970230103,
      0.8876892328262329,
      0.8727596402168274
    ]
  },
  "tmax": 8
}