{
  "dataset": "fashionmnist",
  "effective_timestep": 7.302816390991211,
  "energy_proxy": 1.7017120430125543,
  "executed_timestep": 8.0,
  "gated_spike_rate": 0.23302133750915527,
  "hard_acc": 85.95999978065491,
  "hard_effective_timestep": 8.0,
  "layer1_effective_timestep": 7.188694477081299,
  "layer1_hard_timestep": 8.0,
  "layer2_effective_timestep": 7.416937828063965,
  "layer2_hard_timestep": 8.0,
  "loop_energy_proxy": 2.1727508224487306,
  "model": "layerwise_chronoskip_s2h",
  "prefix_energy_proxy": 2.1727508224487306,
  "prefix_spike_rate": 0.27159385280609133,
  "raw_spike_rate": 0.25420442276000976,
  "run_name": "chronoskip_20260702_091045_layerwise_chronoskip_s2h_T8",
  "soft_acc": 85.89000002861023,
  "test_acc": 85.95999978065491,
  "test_accuracy": 85.95999978065491,
  "timestep_gates": {
    "layer1": [
      0.9760591983795166,
      0.953079342842102,
      0.930432140827179,
      0.9082527756690979,
      0.8865218162536621,
      0.8654584288597107,
      0.8445935845375061,
      0.8242974877357483
    ],
    "layer2": [
      0.9831323027610779,
      0.9667137861251831,
      0.9504199624061584,
      0.9344478249549866,
      0.9185601472854614,
      0.9032248854637146,
      0.887694239616394,
      0.8727448582649231
    ]
  },
  "tmax": 8
}