{
  "dataset": "dvs_gesture",
  "effective_timestep": 8.0,
  "energy_proxy": 0.7252395731030088,
  "executed_timestep": 8.0,
  "gated_spike_rate": 0.0906549466378761,
  "hard_acc": 64.39393939393939,
  "hard_budget_proxy": 0.0,
  "hard_effective_timestep": 8.0,
  "hard_prefix_masks": [],
  "hard_prefix_steps": {},
  "layer1_effective_timestep": 8.0,
  "layer1_hard_timestep": 8.0,
  "layer2_effective_timestep": 8.0,
  "layer2_hard_timestep": 8.0,
  "loop_energy_proxy": 0.7252395731030088,
  "model": "fixed_lif",
  "prefix_energy_proxy": 0.7252395731030088,
  "prefix_spike_rate": 0.0906549466378761,
  "raw_spike_rate": 0.0906549466378761,
  "run_name": "event_20260711_094138_fixed_rebin_T8",
  "soft_acc": 64.39393939393939,
  "test_acc": 64.39393939393939,
  "test_accuracy": 64.39393939393939,
  "timestep_gates": [],
  "tmax": 8
}