{
  "dataset": "fashionmnist",
  "effective_timestep": 6.140778064727783,
  "energy_proxy": 1.1734236534166254,
  "executed_timestep": 8.0,
  "gated_spike_rate": 0.19108712952136994,
  "hard_acc": 85.81999979019164,
  "hard_budget_proxy": {
    "global": 6.225261688232422
  },
  "hard_effective_timestep": 8.0,
  "hard_prefix_masks": [
    1.0,
    1.0,
    1.0,
    1.0,
    1.0,
    1.0,
    1.0,
    1.0
  ],
  "hard_prefix_steps": {
    "global": 8.0
  },
  "layer1_effective_timestep": 6.140778064727783,
  "layer1_hard_timestep": 8.0,
  "layer2_effective_timestep": 6.140778064727783,
  "layer2_hard_timestep": 8.0,
  "loop_energy_proxy": 2.332573957824707,
  "model": "global_chronoskip_s2h",
  "prefix_energy_proxy": 2.332573957824707,
  "prefix_spike_rate": 0.2915717447280884,
  "raw_spike_rate": 0.2485715141773224,
  "run_name": "diagnostic_20260702_104424_global_hb_010",
  "soft_acc": 85.80999981880188,
  "test_acc": 85.81999979019164,
  "test_accuracy": 85.81999979019164,
  "timestep_gates": [
    0.9417469501495361,
    0.8893842697143555,
    0.8370065093040466,
    0.7876143455505371,
    0.7384817600250244,
    0.6926652789115906,
    0.6466149091720581,
    0.6072640419006348
  ],
  "tmax": 8
}