Timestep,Accuracy
1,69.37000274658203
2,83.7300033569336
3,84.16000366210938
4,90.98999786376953
5,95.1300048828125
6,95.67000579833984
7,96.93000030517578
8,97.15999603271484
