Timestep,Accuracy
1,48.8636360168457
2,53.03030014038086
3,56.43939208984375
4,57.95454406738281
5,60.60606384277344
6,60.98484802246094
7,62.121212005615234
8,62.878787994384766
