{
  "conditional_regression_rate_per_transition": [
    10.852713584899902,
    5.0,
    6.040268421173096,
    1.3071895837783813,
    1.25,
    0.6211180090904236,
    1.829268217086792
  ],
  "conditional_valid_transition_mask": [
    true,
    true,
    true,
    true,
    true,
    true,
    true
  ],
  "consecutive_regression_rate": 2.05627703666687,
  "consecutive_regression_rate_per_transition": [
    5.303030490875244,
    2.651515245437622,
    3.409090995788574,
    0.7575757503509521,
    0.7575757503509521,
    0.3787878751754761,
    1.1363636255264282
  ],
  "correct_samples_per_transition": [
    129,
    140,
    149,
    153,
    160,
    161,
    164
  ],
  "dataset": "dvs_gesture",
  "effective_timestep": 8.0,
  "energy_proxy": 0.7421503067016602,
  "ever_regressed_rate": 18.229167938232422,
  "executed_timestep": 8.0,
  "first_correct_valid_fraction": 72.72727489471436,
  "gated_spike_rate": 0.09276878833770752,
  "hard_acc": 0.0,
  "hard_budget_proxy": 0.0,
  "hard_effective_timestep": 8.0,
  "hard_prefix_masks": [],
  "hard_prefix_steps": {},
  "layer1_effective_timestep": 8.0,
  "layer1_hard_timestep": 8.0,
  "layer2_effective_timestep": 8.0,
  "layer2_hard_timestep": 8.0,
  "loop_energy_proxy": 0.7421503067016602,
  "mean_conditional_regression_rate": 3.8429369926452637,
  "mean_first_correct_timestep": 1.7604166269302368,
  "mean_negative_temporal_gain": 0.0,
  "mean_population_regression_rate": 2.05627703666687,
  "mean_stable_correct_timestep": 2.042168617248535,
  "model": "fixed_lif",
  "negative_temporal_gain": 0.0,
  "never_correct_fraction": 27.272728085517883,
  "never_stable_fraction": 37.12121248245239,
  "num_samples": 264,
  "population_regression_rate_per_transition": [
    5.303030490875244,
    2.651515245437622,
    3.409090995788574,
    0.7575757503509521,
    0.7575757503509521,
    0.3787878751754761,
    1.1363636255264282
  ],
  "prefix_accuracy_auc": 57.85984802246094,
  "prefix_accuracy_curve": [
    48.8636360168457,
    53.03030014038086,
    56.43939208984375,
    57.95454406738281,
    60.60606384277344,
    60.98484802246094,
    62.121212005615234,
    62.878787994384766
  ],
  "prefix_accuracy_t1": 48.8636360168457,
  "prefix_accuracy_t2": 53.03030014038086,
  "prefix_accuracy_t3": 56.43939208984375,
  "prefix_accuracy_t4": 57.95454406738281,
  "prefix_accuracy_t5": 60.60606384277344,
  "prefix_accuracy_t6": 60.98484802246094,
  "prefix_accuracy_t7": 62.121212005615234,
  "prefix_accuracy_t8": 62.878787994384766,
  "prefix_energy_proxy": 0.7421503067016602,
  "prefix_spike_rate": 0.09276878833770752,
  "raw_spike_rate": 0.09276878833770752,
  "run_name": "seed_2_shared_fixed_lif_T8",
  "soft_acc": 62.878787878787875,
  "stable_correct_valid_fraction": 62.87878751754761,
  "test_acc": 62.878787878787875,
  "test_accuracy": 62.878787878787875,
  "timestep_gates": [],
  "tmax": 8,
  "worst_prefix_accuracy": 48.8636360168457
}