{
  "dataset": "fashionmnist",
  "effective_timestep": 7.30203914642334,
  "energy_proxy": 1.7163599263194418,
  "executed_timestep": 8.0,
  "gated_spike_rate": 0.23505213980674744,
  "hard_acc": 86.00000002861023,
  "hard_budget_proxy": {
    "average": 7.9968390464782715,
    "layer1": 7.995673656463623,
    "layer2": 7.99800443649292
  },
  "hard_effective_timestep": 8.0,
  "hard_prefix_masks": {
    "layer1": [
      1.0,
      1.0,
      1.0,
      1.0,
      1.0,
      1.0,
      1.0,
      1.0
    ],
    "layer2": [
      1.0,
      1.0,
      1.0,
      1.0,
      1.0,
      1.0,
      1.0,
      1.0
    ]
  },
  "hard_prefix_steps": {
    "average": 8.0,
    "executed": 8.0,
    "layer1": 8.0,
    "layer2": 8.0
  },
  "layer1_effective_timestep": 7.1871337890625,
  "layer1_hard_timestep": 8.0,
  "layer2_effective_timestep": 7.41694450378418,
  "layer2_hard_timestep": 8.0,
  "loop_energy_proxy": 2.1894498901367188,
  "model": "layerwise_chronoskip_s2h",
  "prefix_energy_proxy": 2.1894498901367188,
  "prefix_spike_rate": 0.27368123626708984,
  "raw_spike_rate": 0.25648919682502747,
  "run_name": "diagnostic_20260702_103443_layerwise_hb_005_dep",
  "soft_acc": 85.91000002861023,
  "test_acc": 86.00000002861023,
  "test_accuracy": 86.00000002861023,
  "timestep_gates": {
    "layer1": [
      0.9760202169418335,
      0.9529983997344971,
      0.9303100109100342,
      0.9080862402915955,
      0.88631272315979,
      0.8652009963989258,
      0.8442832231521606,
      0.8239219784736633
    ],
    "layer2": [
      0.9831311702728271,
      0.9667122960090637,
      0.950416088104248,
      0.9344426989555359,
      0.9185560345649719,
      0.9032215476036072,
      0.8876976370811462,
      0.8727668523788452
    ]
  },
  "tmax": 8
}