Timestep,Accuracy
1,82.52000427246094
2,92.00999450683594
3,94.58000183105469
4,97.37999725341797
5,98.33999633789062
6,98.55999755859375
7,98.79000091552734
8,98.88999938964844
