{
  "beneficial_transition_fraction": 2.6971428394317627,
  "best_epoch": 27,
  "best_validation_accuracy": 98.88333333333334,
  "best_validation_loss": 0.03737235875567421,
  "checkpoint_selection": "best_val",
  "conditional_regression_rate_per_transition": [
    1.2239457368850708,
    0.8042603731155396,
    0.1797420233488083,
    0.11295954138040543,
    0.23388245701789856,
    0.1116071492433548,
    0.14171475172042847
  ],
  "conditional_valid_transition_mask": [
    true,
    true,
    true,
    true,
    true,
    true,
    true
  ],
  "consecutive_regression_rate": 0.35857143998146057,
  "consecutive_regression_rate_per_transition": [
    1.0099999904632568,
    0.7400000095367432,
    0.17000000178813934,
    0.10999999940395355,
    0.23000000417232513,
    0.10999999940395355,
    0.14000000059604645
  ],
  "correct_samples_per_transition": [
    8252,
    9201,
    9458,
    9738,
    9834,
    9856,
    9879
  ],
  "correct_to_wrong_transition_count": 251.0,
  "dataset": "nmnist",
  "destructive_transition_fraction": 0.35857143998146057,
  "effective_timestep": 8.0,
  "energy_proxy": 0.518634809923172,
  "ever_recovered_fraction": 95.76446533203125,
  "ever_regressed_fraction": 2.4642930030822754,
  "ever_regressed_rate": 2.4642930030822754,
  "executed_timestep": 8.0,
  "final_accuracy": 98.88999938964844,
  "first_correct_valid_fraction": 99.41999912261963,
  "gated_spike_rate": 0.0648293512403965,
  "hard_acc": 0.0,
  "hard_budget_proxy": 0.0,
  "hard_effective_timestep": 8.0,
  "hard_prefix_masks": [],
  "hard_prefix_steps": {},
  "layer1_effective_timestep": 8.0,
  "layer1_hard_timestep": 8.0,
  "layer2_effective_timestep": 8.0,
  "layer2_hard_timestep": 8.0,
  "loop_energy_proxy": 0.518634809923172,
  "loss": 0.036020962296493236,
  "mean_conditional_regression": 0.37905099987983704,
  "mean_conditional_regression_rate": 0.40115886926651,
  "mean_first_correct_timestep": 1.291691780090332,
  "mean_negative_temporal_gain": 0.0,
  "mean_population_regression": 0.35857143998146057,
  "mean_population_regression_rate": 0.35857143998146057,
  "mean_prefix_accuracy": 95.13375091552734,
  "mean_stable_correct_timestep": 1.3537263870239258,
  "minimum_prefix_accuracy": 82.52000427246094,
  "model": "fixed_lif",
  "negative_temporal_gain": 0.0,
  "never_correct_fraction": 0.5799999926239252,
  "never_stable_fraction": 1.1099999770522118,
  "num_samples": 10000,
  "population_regression_rate_per_transition": [
    1.0099999904632568,
    0.7400000095367432,
    0.17000000178813934,
    0.10999999940395355,
    0.23000000417232513,
    0.10999999940395355,
    0.14000000059604645
  ],
  "prefix_accuracy_auc": 95.13375091552734,
  "prefix_accuracy_curve": [
    82.52000427246094,
    92.00999450683594,
    94.58000183105469,
    97.37999725341797,
    98.33999633789062,
    98.55999755859375,
    98.79000091552734,
    98.88999938964844
  ],
  "prefix_accuracy_t1": 82.52000427246094,
  "prefix_accuracy_t2": 92.00999450683594,
  "prefix_accuracy_t3": 94.58000183105469,
  "prefix_accuracy_t4": 97.37999725341797,
  "prefix_accuracy_t5": 98.33999633789062,
  "prefix_accuracy_t6": 98.55999755859375,
  "prefix_accuracy_t7": 98.79000091552734,
  "prefix_accuracy_t8": 98.88999938964844,
  "prefix_energy_proxy": 0.518634809923172,
  "prefix_spike_rate": 0.0648293512403965,
  "raw_spike_rate": 0.0648293512403965,
  "run_name": "seed_3",
  "selection_metric": "val_acc",
  "soft_acc": 98.89,
  "split_seed": 123,
  "stable_by_t4_fraction": 96.8500018119812,
  "stable_by_t6_fraction": 98.33999872207642,
  "stable_correct_fraction": 98.88999938964844,
  "stable_correct_valid_fraction": 98.89000058174133,
  "test_acc": 98.89,
  "test_accuracy": 98.89,
  "timestep_gates": [],
  "tmax": 8,
  "val_ratio": 0.2,
  "worst_prefix_accuracy": 82.52000427246094,
  "wrong_to_correct_transition_count": 1888.0
}