{
  "beneficial_transition_fraction": 2.6971428394317627,
  "correct_to_wrong_transition_count": 251.0,
  "destructive_transition_fraction": 0.35857143998146057,
  "ever_recovered_fraction": 95.76446533203125,
  "ever_regressed_fraction": 2.4642930030822754,
  "final_accuracy": 98.88999938964844,
  "mean_conditional_regression": 0.37905099987983704,
  "mean_population_regression": 0.35857143998146057,
  "mean_prefix_accuracy": 95.13375091552734,
  "mean_stable_correct_timestep": 1.3537263870239258,
  "minimum_prefix_accuracy": 82.52000427246094,
  "never_stable_fraction": 1.1099999770522118,
  "prefix_accuracy_curve": [
    82.52000427246094,
    92.00999450683594,
    94.58000183105469,
    97.37999725341797,
    98.33999633789062,
    98.55999755859375,
    98.79000091552734,
    98.88999938964844
  ],
  "prefix_loss_weight": 0.0,
  "stable_by_t4_fraction": 96.8500018119812,
  "stable_by_t6_fraction": 98.33999872207642,
  "stable_correct_fraction": 98.88999938964844,
  "temporal_confidence_threshold": 0.8,
  "temporal_loss_weight": 1.0,
  "temporal_margin": 0.0,
  "temporal_selection_mode": "hard",
  "temporal_temperature": 1.0,
  "temporal_training_mode": "final_ce",
  "wrong_to_correct_transition_count": 1888.0
}