Timestep,Accuracy
1,43.181819915771484
2,57.57575607299805
3,63.25757598876953
4,67.04545593261719
5,69.69696807861328
6,71.59090423583984
7,71.21212005615234
8,69.69696807861328
