{
  "beneficial_transition_fraction": 5.952381134033203,
  "best_epoch": 26,
  "best_validation_accuracy": 79.53488416449969,
  "best_validation_loss": 0.5259792381940886,
  "checkpoint_selection": "best_val",
  "conditional_regression_rate_per_transition": [
    8.771929740905762,
    3.9473681449890137,
    4.191617012023926,
    2.8248586654663086,
    1.6304347515106201,
    1.5873017311096191,
    3.1914894580841064
  ],
  "conditional_valid_transition_mask": [
    true,
    true,
    true,
    true,
    true,
    true,
    true
  ],
  "consecutive_regression_rate": 2.164501905441284,
  "consecutive_regression_rate_per_transition": [
    3.78787899017334,
    2.2727272510528564,
    2.651515245437622,
    1.89393949508667,
    1.1363636255264282,
    1.1363636255264282,
    2.2727272510528564
  ],
  "correct_samples_per_transition": [
    114,
    152,
    167,
    177,
    184,
    189,
    188
  ],
  "correct_to_wrong_transition_count": 40.0,
  "dataset": "dvs_gesture",
  "destructive_transition_fraction": 2.1645021438598633,
  "effective_timestep": 8.0,
  "energy_proxy": 0.8980682329698042,
  "ever_recovered_fraction": 59.88700485229492,
  "ever_regressed_fraction": 17.209300994873047,
  "ever_regressed_rate": 17.209300994873047,
  "executed_timestep": 8.0,
  "final_accuracy": 69.69696807861328,
  "first_correct_valid_fraction": 81.4393937587738,
  "gated_spike_rate": 0.11225852912122553,
  "hard_acc": 0.0,
  "hard_budget_proxy": 0.0,
  "hard_effective_timestep": 8.0,
  "hard_prefix_masks": [],
  "hard_prefix_steps": {},
  "layer1_effective_timestep": 8.0,
  "layer1_hard_timestep": 8.0,
  "layer2_effective_timestep": 8.0,
  "layer2_hard_timestep": 8.0,
  "loop_energy_proxy": 0.8980682329698042,
  "loss": 0.8285761927113389,
  "mean_conditional_regression": 3.415883779525757,
  "mean_conditional_regression_rate": 3.7350001335144043,
  "mean_first_correct_timestep": 2.0093023777008057,
  "mean_negative_temporal_gain": 0.2705623209476471,
  "mean_population_regression": 2.1645021438598633,
  "mean_population_regression_rate": 2.164501905441284,
  "mean_prefix_accuracy": 64.15719604492188,
  "mean_stable_correct_timestep": 2.1956522464752197,
  "minimum_prefix_accuracy": 43.181819915771484,
  "model": "fixed_lif",
  "negative_temporal_gain": 1.8939361572265625,
  "never_correct_fraction": 18.560606241226196,
  "never_stable_fraction": 30.30303120613098,
  "num_samples": 264,
  "population_regression_rate_per_transition": [
    3.78787899017334,
    2.2727272510528564,
    2.651515245437622,
    1.89393949508667,
    1.1363636255264282,
    1.1363636255264282,
    2.2727272510528564
  ],
  "prefix_accuracy_auc": 64.15719604492188,
  "prefix_accuracy_curve": [
    43.181819915771484,
    57.57575607299805,
    63.25757598876953,
    67.04545593261719,
    69.69696807861328,
    71.59090423583984,
    71.21212005615234,
    69.69696807861328
  ],
  "prefix_accuracy_t1": 43.181819915771484,
  "prefix_accuracy_t2": 57.57575607299805,
  "prefix_accuracy_t3": 63.25757598876953,
  "prefix_accuracy_t4": 67.04545593261719,
  "prefix_accuracy_t5": 69.69696807861328,
  "prefix_accuracy_t6": 71.59090423583984,
  "prefix_accuracy_t7": 71.21212005615234,
  "prefix_accuracy_t8": 69.69696807861328,
  "prefix_energy_proxy": 0.8980682329698042,
  "prefix_spike_rate": 0.11225852912122553,
  "raw_spike_rate": 0.11225852912122553,
  "run_name": "seed_2",
  "selection_metric": "val_acc",
  "soft_acc": 69.6969696969697,
  "split_seed": 42,
  "stable_correct_fraction": 69.69696807861328,
  "stable_correct_valid_fraction": 69.69696879386902,
  "test_acc": 69.6969696969697,
  "test_accuracy": 69.6969696969697,
  "timestep_gates": [],
  "tmax": 8,
  "val_ratio": 0.2,
  "worst_prefix_accuracy": 43.181819915771484,
  "wrong_to_correct_transition_count": 110.0
}