Timestep,Accuracy
1,46.212120056152344
2,62.121212005615234
3,64.39393615722656
4,67.04545593261719
5,65.53030395507812
6,63.25757598876953
7,63.25757598876953
8,65.1515121459961
