{
  "average_spike_rate": 0.046487050130963326,
  "candidate_metadata": [
    {
      "name": "fast_sensitive",
      "tau": 2.0,
      "v_th": 0.5
    },
    {
      "name": "fast_balanced",
      "tau": 2.0,
      "v_th": 1.0
    },
    {
      "name": "memory_balanced",
      "tau": 6.0,
      "v_th": 1.0
    },
    {
      "name": "memory_sparse",
      "tau": 6.0,
      "v_th": 1.5
    }
  ],
  "candidate_probabilities": [
    [
      0.24978169798851013,
      0.25012457370758057,
      0.24997231364250183,
      0.25012144446372986
    ],
    [
      0.25053393840789795,
      0.24964772164821625,
      0.2501584589481354,
      0.24965989589691162
    ]
  ],
  "dataset": "fashionmnist",
  "effective_timestep": 7.762619972229004,
  "energy_proxy": 0.36086130379662684,
  "gated_spike_rate": 0.046487050130963326,
  "hard_effective_timestep": 8.0,
  "model": "spikegate",
  "prefix_energy_proxy": 0.3901152163743973,
  "prefix_spike_rate": 0.04876440204679966,
  "raw_spike_rate": 0.047987546771764755,
  "run_name": "spikegate_fashionmnist_seed0_1782923553",
  "selected_indices": [
    1,
    0
  ],
  "selected_names": [
    "fast_balanced",
    "fast_sensitive"
  ],
  "test_accuracy": 31.25,
  "timestep_gates": [
    0.993301510810852,
    0.9866486191749573,
    0.9800404906272888,
    0.9734771251678467,
    0.9669578075408936,
    0.9604825377464294,
    0.9540506601333618,
    0.9476614594459534
  ]
}