{
  "dataset": "fashionmnist",
  "effective_timestep": 4.0,
  "energy_proxy": 1.1108190628051757,
  "executed_timestep": 4.0,
  "gated_spike_rate": 0.27770476570129393,
  "hard_acc": 86.00999977111816,
  "hard_effective_timestep": 4.0,
  "layer1_effective_timestep": 4.0,
  "layer1_hard_timestep": 4.0,
  "layer2_effective_timestep": 4.0,
  "layer2_hard_timestep": 4.0,
  "loop_energy_proxy": 1.1108190628051757,
  "model": "fixed_lif",
  "prefix_energy_proxy": 1.1108190628051757,
  "prefix_spike_rate": 0.27770476570129393,
  "raw_spike_rate": 0.27770476570129393,
  "run_name": "chronoskip_20260702_090605_fixed_lif_T4",
  "soft_acc": 86.00999977111816,
  "test_acc": 86.00999977111816,
  "test_accuracy": 86.00999977111816,
  "timestep_gates": [],
  "tmax": 4
}