Accuracy,Average Timestep,Error Rate,Fraction Stopped T1,Fraction Stopped T2,Fraction Stopped T3,Fraction Stopped T4,Fraction Stopped T5,Fraction Stopped T6,Fraction Stopped T7,Fraction Stopped T8,Median Timestep,Normalized Average Timestep,Number of Samples,Policy,Timestep Standard Deviation
42.80303120613098,1.0,57.19696879386902,1.0,0.0,0.0,0.0,0.0,0.0,0.0,0.0,1.0,0.125,264,Fixed T1,0.0
58.71211886405945,2.0,41.28788113594055,0.0,1.0,0.0,0.0,0.0,0.0,0.0,0.0,2.0,0.25,264,Fixed T2,0.0
64.77272510528564,3.0,35.227274894714355,0.0,0.0,1.0,0.0,0.0,0.0,0.0,0.0,3.0,0.375,264,Fixed T3,0.0
67.04545617103577,4.0,32.95454382896423,0.0,0.0,0.0,1.0,0.0,0.0,0.0,0.0,4.0,0.5,264,Fixed T4,0.0
69.69696879386902,5.0,30.30303120613098,0.0,0.0,0.0,0.0,1.0,0.0,0.0,0.0,5.0,0.625,264,Fixed T5,0.0
71.21211886405945,6.0,28.78788113594055,0.0,0.0,0.0,0.0,0.0,1.0,0.0,0.0,6.0,0.75,264,Fixed T6,0.0
71.21211886405945,7.0,28.78788113594055,0.0,0.0,0.0,0.0,0.0,0.0,1.0,0.0,7.0,0.875,264,Fixed T7,0.0
71.21211886405945,8.0,28.78788113594055,0.0,0.0,0.0,0.0,0.0,0.0,0.0,1.0,8.0,1.0,264,Fixed T8,0.0
