Accuracy,Average Timestep,Error Rate,Fraction Stopped T1,Fraction Stopped T2,Fraction Stopped T3,Fraction Stopped T4,Fraction Stopped T5,Fraction Stopped T6,Fraction Stopped T7,Fraction Stopped T8,Lambda,Median Timestep,Normalized Average Timestep,Number of Samples,Policy,Timestep Standard Deviation
42.80303120613098,1.0,57.19696879386902,1.0,0.0,0.0,0.0,0.0,0.0,0.0,0.0,8.0,1.0,0.125,264,Cost-aware Oracle,0.0
61.742424964904785,1.1893939971923828,38.257575035095215,0.810606062412262,0.18939393758773804,0.0,0.0,0.0,0.0,0.0,0.0,4.0,1.0,0.14867424964904785,264,Cost-aware Oracle,0.3918212354183197
61.742424964904785,1.1893939971923828,38.257575035095215,0.810606062412262,0.18939393758773804,0.0,0.0,0.0,0.0,0.0,0.0,6.0,1.0,0.14867424964904785,264,Cost-aware Oracle,0.3918212354183197
69.69696879386902,1.3484848737716675,30.30303120613098,0.7310606241226196,0.18939393758773804,0.07954545319080353,0.0,0.0,0.0,0.0,0.0,3.0,1.0,0.16856060922145844,264,Cost-aware Oracle,0.6213968396186829
74.62121248245239,1.496212124824524,25.378787517547607,0.6818181872367859,0.18939393758773804,0.07954545319080353,0.049242425709962845,0.0,0.0,0.0,0.0,2.0,1.0,0.1870265156030655,264,Cost-aware Oracle,0.8393635153770447
80.30303120613098,1.7386363744735718,19.69696879386902,0.625,0.18939393758773804,0.07954545319080353,0.049242425709962845,0.0416666679084301,0.01515151560306549,0.0,0.0,1.5,1.0,0.21732954680919647,264,Cost-aware Oracle,1.2044203281402588
82.19696879386902,1.8560606241226196,17.80303120613098,0.6060606241226196,0.18939393758773804,0.07954545319080353,0.049242425709962845,0.0416666679084301,0.01515151560306549,0.01515151560306549,0.0037878789007663727,0.0,1.0,0.23200757801532745,264,Cost-aware Oracle,1.4122439622879028
82.19696879386902,1.8560606241226196,17.80303120613098,0.6060606241226196,0.18939393758773804,0.07954545319080353,0.049242425709962845,0.0416666679084301,0.01515151560306549,0.01515151560306549,0.0037878789007663727,0.5,1.0,0.23200757801532745,264,Cost-aware Oracle,1.4122439622879028
82.19696879386902,1.8560606241226196,17.80303120613098,0.6060606241226196,0.18939393758773804,0.07954545319080353,0.049242425709962845,0.0416666679084301,0.01515151560306549,0.01515151560306549,0.0037878789007663727,1.0,1.0,0.23200757801532745,264,Cost-aware Oracle,1.4122439622879028
