{
  "dataset": "dvs_gesture",
  "effective_timestep": 5.701446533203125,
  "energy_proxy": 0.04947467038505238,
  "executed_timestep": 8.0,
  "gated_spike_rate": 0.008677564561367035,
  "hard_acc": 6.25,
  "hard_budget_proxy": {
    "average": 5.80291748046875,
    "layer1": 5.80291748046875,
    "layer2": 5.80291748046875
  },
  "hard_effective_timestep": 8.0,
  "hard_prefix_masks": {
    "layer1": [
      1.0,
      1.0,
      1.0,
      1.0,
      1.0,
      1.0,
      1.0,
      1.0
    ],
    "layer2": [
      1.0,
      1.0,
      1.0,
      1.0,
      1.0,
      1.0,
      1.0,
      1.0
    ]
  },
  "hard_prefix_steps": {
    "average": 8.0,
    "executed": 8.0,
    "layer1": 8.0,
    "layer2": 8.0
  },
  "layer1_effective_timestep": 5.701446533203125,
  "layer1_hard_timestep": 8.0,
  "layer2_effective_timestep": 5.701446533203125,
  "layer2_hard_timestep": 8.0,
  "loop_energy_proxy": 0.09988367557525635,
  "model": "layerwise_chronoskip_s2h",
  "prefix_energy_proxy": 0.09988367557525635,
  "prefix_spike_rate": 0.012485459446907043,
  "raw_spike_rate": 0.012485459446907043,
  "run_name": "event_20260711_093701_layerwise_chronoskip_s2h_dep_T6target",
  "soft_acc": 6.25,
  "test_acc": 6.25,
  "test_accuracy": 6.25,
  "timestep_gates": {
    "layer1": [
      0.9241418242454529,
      0.8540381193161011,
      0.7892523407936096,
      0.7293810844421387,
      0.6740515828132629,
      0.6229192614555359,
      0.5756657719612122,
      0.5319968461990356
    ],
    "layer2": [
      0.9241418242454529,
      0.8540381193161011,
      0.7892523407936096,
      0.7293810844421387,
      0.6740515828132629,
      0.6229192614555359,
      0.5756657719612122,
      0.5319968461990356
    ]
  },
  "tmax": 8
}