Timestep,Accuracy
1,50.75757598876953
2,61.74242401123047
3,65.90909576416016
4,69.31818389892578
5,71.21212005615234
6,72.3484878540039
7,72.3484878540039
8,71.96969604492188
