{
  "beneficial_transition_fraction": 5.303030490875244,
  "best_epoch": 26,
  "best_validation_accuracy": 80.46511672263922,
  "best_validation_loss": 0.49738838755807213,
  "checkpoint_selection": "best_val",
  "conditional_regression_rate_per_transition": [
    7.462686538696289,
    7.975460052490234,
    2.873563289642334,
    2.7322404384613037,
    2.127659559249878,
    1.047120451927185,
    1.5706804990768433
  ],
  "conditional_valid_transition_mask": [
    true,
    true,
    true,
    true,
    true,
    true,
    true
  ],
  "consecutive_regression_rate": 2.2727274894714355,
  "consecutive_regression_rate_per_transition": [
    3.78787899017334,
    4.9242424964904785,
    1.89393949508667,
    1.89393949508667,
    1.5151515007019043,
    0.7575757503509521,
    1.1363636255264282
  ],
  "correct_samples_per_transition": [
    134,
    163,
    174,
    183,
    188,
    191,
    191
  ],
  "correct_to_wrong_transition_count": 42.0,
  "dataset": "dvs_gesture",
  "destructive_transition_fraction": 2.2727272510528564,
  "effective_timestep": 8.0,
  "energy_proxy": 1.0724122813253691,
  "ever_recovered_fraction": 57.861637115478516,
  "ever_regressed_fraction": 15.765765190124512,
  "ever_regressed_rate": 15.765765190124512,
  "executed_timestep": 8.0,
  "final_accuracy": 71.96969604492188,
  "first_correct_valid_fraction": 84.09090638160706,
  "gated_spike_rate": 0.13405153516567114,
  "hard_acc": 0.0,
  "hard_budget_proxy": 0.0,
  "hard_effective_timestep": 8.0,
  "hard_prefix_masks": [],
  "hard_prefix_steps": {},
  "layer1_effective_timestep": 8.0,
  "layer1_hard_timestep": 8.0,
  "layer2_effective_timestep": 8.0,
  "layer2_hard_timestep": 8.0,
  "loop_energy_proxy": 1.0724122813253691,
  "loss": 0.8531878428025679,
  "mean_conditional_regression": 3.43137264251709,
  "mean_conditional_regression_rate": 3.684201717376709,
  "mean_first_correct_timestep": 1.8468468189239502,
  "mean_negative_temporal_gain": 0.05411311611533165,
  "mean_population_regression": 2.2727272510528564,
  "mean_population_regression_rate": 2.2727274894714355,
  "mean_prefix_accuracy": 66.95075988769531,
  "mean_stable_correct_timestep": 2.026315689086914,
  "minimum_prefix_accuracy": 50.75757598876953,
  "model": "fixed_lif",
  "negative_temporal_gain": 0.37879180908203125,
  "never_correct_fraction": 15.909090638160706,
  "never_stable_fraction": 28.030303120613098,
  "num_samples": 264,
  "population_regression_rate_per_transition": [
    3.78787899017334,
    4.9242424964904785,
    1.89393949508667,
    1.89393949508667,
    1.5151515007019043,
    0.7575757503509521,
    1.1363636255264282
  ],
  "prefix_accuracy_auc": 66.95075988769531,
  "prefix_accuracy_curve": [
    50.75757598876953,
    61.74242401123047,
    65.90909576416016,
    69.31818389892578,
    71.21212005615234,
    72.3484878540039,
    72.3484878540039,
    71.96969604492188
  ],
  "prefix_accuracy_t1": 50.75757598876953,
  "prefix_accuracy_t2": 61.74242401123047,
  "prefix_accuracy_t3": 65.90909576416016,
  "prefix_accuracy_t4": 69.31818389892578,
  "prefix_accuracy_t5": 71.21212005615234,
  "prefix_accuracy_t6": 72.3484878540039,
  "prefix_accuracy_t7": 72.3484878540039,
  "prefix_accuracy_t8": 71.96969604492188,
  "prefix_energy_proxy": 1.0724122813253691,
  "prefix_spike_rate": 0.13405153516567114,
  "raw_spike_rate": 0.13405153516567114,
  "run_name": "seed_1",
  "selection_metric": "val_acc",
  "soft_acc": 71.96969696969697,
  "split_seed": 42,
  "stable_correct_fraction": 71.96969604492188,
  "stable_correct_valid_fraction": 71.96969985961914,
  "test_acc": 71.96969696969697,
  "test_accuracy": 71.96969696969697,
  "timestep_gates": [],
  "tmax": 8,
  "val_ratio": 0.2,
  "worst_prefix_accuracy": 50.75757598876953,
  "wrong_to_correct_transition_count": 98.0
}