Timestep,Accuracy
1,97.81999969482422
2,98.54000091552734
3,98.5999984741211
4,98.65999603271484
5,98.79999542236328
6,98.79000091552734
7,98.87999725341797
8,98.97999572753906
