{
  "beneficial_transition_fraction": 0.31142857670783997,
  "best_epoch": 30,
  "best_validation_accuracy": 98.825,
  "best_validation_loss": 0.035974889762621996,
  "checkpoint_selection": "best_val",
  "conditional_regression_rate_per_transition": [
    0.23512575030326843,
    0.18266692757606506,
    0.18255577981472015,
    0.07095073908567429,
    0.18218623101711273,
    0.09110233932733536,
    0.09101942181587219
  ],
  "conditional_valid_transition_mask": [
    true,
    true,
    true,
    true,
    true,
    true,
    true
  ],
  "consecutive_regression_rate": 0.14571428298950195,
  "consecutive_regression_rate_per_transition": [
    0.23000000417232513,
    0.17999999225139618,
    0.17999999225139618,
    0.07000000029802322,
    0.17999999225139618,
    0.08999999612569809,
    0.08999999612569809
  ],
  "correct_samples_per_transition": [
    9782,
    9854,
    9860,
    9866,
    9880,
    9879,
    9888
  ],
  "correct_to_wrong_transition_count": 102.0,
  "dataset": "nmnist",
  "destructive_transition_fraction": 0.14571428298950195,
  "effective_timestep": 8.0,
  "energy_proxy": 0.6560000596046448,
  "ever_recovered_fraction": 71.2802734375,
  "ever_regressed_fraction": 0.9758551716804504,
  "ever_regressed_rate": 0.9758551716804504,
  "executed_timestep": 8.0,
  "final_accuracy": 98.97999572753906,
  "first_correct_valid_fraction": 99.40000176429749,
  "gated_spike_rate": 0.0820000074505806,
  "hard_acc": 0.0,
  "hard_budget_proxy": 0.0,
  "hard_effective_timestep": 8.0,
  "hard_prefix_masks": [],
  "hard_prefix_steps": {},
  "layer1_effective_timestep": 8.0,
  "layer1_hard_timestep": 8.0,
  "layer2_effective_timestep": 8.0,
  "layer2_hard_timestep": 8.0,
  "loop_energy_proxy": 0.6560000596046448,
  "loss": 0.03603041492824559,
  "mean_conditional_regression": 0.1478068083524704,
  "mean_conditional_regression_rate": 0.1479438841342926,
  "mean_first_correct_timestep": 1.0334004163742065,
  "mean_negative_temporal_gain": 0.0014277866575866938,
  "mean_population_regression": 0.14571428298950195,
  "mean_population_regression_rate": 0.14571428298950195,
  "mean_prefix_accuracy": 98.63375091552734,
  "mean_stable_correct_timestep": 1.0559709072113037,
  "minimum_prefix_accuracy": 97.81999969482422,
  "model": "fixed_lif",
  "negative_temporal_gain": 0.0099945068359375,
  "never_correct_fraction": 0.6000000052154064,
  "never_stable_fraction": 1.0200000368058681,
  "num_samples": 10000,
  "population_regression_rate_per_transition": [
    0.23000000417232513,
    0.17999999225139618,
    0.17999999225139618,
    0.07000000029802322,
    0.17999999225139618,
    0.08999999612569809,
    0.08999999612569809
  ],
  "prefix_accuracy_auc": 98.63374328613281,
  "prefix_accuracy_curve": [
    97.81999969482422,
    98.54000091552734,
    98.5999984741211,
    98.65999603271484,
    98.79999542236328,
    98.79000091552734,
    98.87999725341797,
    98.97999572753906
  ],
  "prefix_accuracy_t1": 97.81999969482422,
  "prefix_accuracy_t2": 98.54000091552734,
  "prefix_accuracy_t3": 98.5999984741211,
  "prefix_accuracy_t4": 98.65999603271484,
  "prefix_accuracy_t5": 98.79999542236328,
  "prefix_accuracy_t6": 98.79000091552734,
  "prefix_accuracy_t7": 98.87999725341797,
  "prefix_accuracy_t8": 98.97999572753906,
  "prefix_energy_proxy": 0.6560000596046448,
  "prefix_spike_rate": 0.0820000074505806,
  "raw_spike_rate": 0.0820000074505806,
  "run_name": "seed_3",
  "selection_metric": "val_acc",
  "soft_acc": 98.98,
  "split_seed": 123,
  "stable_by_t4_fraction": 98.29999804496765,
  "stable_by_t6_fraction": 98.61999750137329,
  "stable_correct_fraction": 98.97999572753906,
  "stable_correct_valid_fraction": 98.9799976348877,
  "test_acc": 98.98,
  "test_accuracy": 98.98,
  "timestep_gates": [],
  "tmax": 8,
  "val_ratio": 0.2,
  "worst_prefix_accuracy": 97.81999969482422,
  "wrong_to_correct_transition_count": 218.0
}