{
  "beneficial_transition_fraction": 0.31142857670783997,
  "correct_to_wrong_transition_count": 102.0,
  "destructive_transition_fraction": 0.14571428298950195,
  "ever_recovered_fraction": 71.2802734375,
  "ever_regressed_fraction": 0.9758551716804504,
  "final_accuracy": 98.97999572753906,
  "mean_conditional_regression": 0.1478068083524704,
  "mean_population_regression": 0.14571428298950195,
  "mean_prefix_accuracy": 98.63375091552734,
  "mean_stable_correct_timestep": 1.0559709072113037,
  "minimum_prefix_accuracy": 97.81999969482422,
  "never_stable_fraction": 1.0200000368058681,
  "prefix_accuracy_curve": [
    97.81999969482422,
    98.54000091552734,
    98.5999984741211,
    98.65999603271484,
    98.79999542236328,
    98.79000091552734,
    98.87999725341797,
    98.97999572753906
  ],
  "prefix_loss_weight": 0.0,
  "stable_by_t4_fraction": 98.29999804496765,
  "stable_by_t6_fraction": 98.61999750137329,
  "stable_correct_fraction": 98.97999572753906,
  "temporal_confidence_threshold": 0.8,
  "temporal_loss_weight": 1.0,
  "temporal_margin": 0.0,
  "temporal_selection_mode": "hard",
  "temporal_temperature": 1.0,
  "temporal_training_mode": "symmetric_kl",
  "wrong_to_correct_transition_count": 218.0
}