Timestep,Accuracy
1,48.8636360168457
2,62.121212005615234
3,67.04545593261719
4,68.93939208984375
5,70.45454406738281
6,73.10606384277344
7,71.59090423583984
8,71.21212005615234
