{
  "beneficial_transition_fraction": 5.5735931396484375,
  "best_epoch": 26,
  "best_validation_accuracy": 81.39534916988639,
  "best_validation_loss": 0.49807252315587774,
  "checkpoint_selection": "best_val",
  "conditional_regression_rate_per_transition": [
    9.302325248718262,
    6.707317352294922,
    4.519773960113525,
    2.1978023052215576,
    0.5376344323158264,
    2.5906736850738525,
    1.5873017311096191
  ],
  "conditional_valid_transition_mask": [
    true,
    true,
    true,
    true,
    true,
    true,
    true
  ],
  "consecutive_regression_rate": 2.3809523582458496,
  "consecutive_regression_rate_per_transition": [
    4.545454502105713,
    4.1666669845581055,
    3.0303030014038086,
    1.5151515007019043,
    0.3787878751754761,
    1.89393949508667,
    1.1363636255264282
  ],
  "correct_samples_per_transition": [
    129,
    164,
    177,
    182,
    186,
    193,
    189
  ],
  "correct_to_wrong_transition_count": 44.0,
  "dataset": "dvs_gesture",
  "destructive_transition_fraction": 2.3809523582458496,
  "effective_timestep": 8.0,
  "energy_proxy": 1.0692418055100874,
  "ever_recovered_fraction": 59.064327239990234,
  "ever_regressed_fraction": 19.111112594604492,
  "ever_regressed_rate": 19.111112594604492,
  "executed_timestep": 8.0,
  "final_accuracy": 71.21212005615234,
  "first_correct_valid_fraction": 85.22727489471436,
  "gated_spike_rate": 0.13365522568876093,
  "hard_acc": 0.0,
  "hard_budget_proxy": 0.0,
  "hard_effective_timestep": 8.0,
  "hard_prefix_masks": [],
  "hard_prefix_steps": {},
  "layer1_effective_timestep": 8.0,
  "layer1_hard_timestep": 8.0,
  "layer2_effective_timestep": 8.0,
  "layer2_hard_timestep": 8.0,
  "loop_energy_proxy": 1.0692418055100874,
  "loss": 0.8583347797393799,
  "mean_conditional_regression": 3.6065573692321777,
  "mean_conditional_regression_rate": 3.9204039573669434,
  "mean_first_correct_timestep": 1.8711111545562744,
  "mean_negative_temporal_gain": 0.27056339383125305,
  "mean_population_regression": 2.3809523582458496,
  "mean_population_regression_rate": 2.3809523582458496,
  "mean_prefix_accuracy": 66.66667175292969,
  "mean_stable_correct_timestep": 2.122340440750122,
  "minimum_prefix_accuracy": 48.8636360168457,
  "model": "fixed_lif",
  "negative_temporal_gain": 1.8939437866210938,
  "never_correct_fraction": 14.772726595401764,
  "never_stable_fraction": 28.787878155708313,
  "num_samples": 264,
  "population_regression_rate_per_transition": [
    4.545454502105713,
    4.1666669845581055,
    3.0303030014038086,
    1.5151515007019043,
    0.3787878751754761,
    1.89393949508667,
    1.1363636255264282
  ],
  "prefix_accuracy_auc": 66.66667175292969,
  "prefix_accuracy_curve": [
    48.8636360168457,
    62.121212005615234,
    67.04545593261719,
    68.93939208984375,
    70.45454406738281,
    73.10606384277344,
    71.59090423583984,
    71.21212005615234
  ],
  "prefix_accuracy_t1": 48.8636360168457,
  "prefix_accuracy_t2": 62.121212005615234,
  "prefix_accuracy_t3": 67.04545593261719,
  "prefix_accuracy_t4": 68.93939208984375,
  "prefix_accuracy_t5": 70.45454406738281,
  "prefix_accuracy_t6": 73.10606384277344,
  "prefix_accuracy_t7": 71.59090423583984,
  "prefix_accuracy_t8": 71.21212005615234,
  "prefix_energy_proxy": 1.0692418055100874,
  "prefix_spike_rate": 0.13365522568876093,
  "raw_spike_rate": 0.13365522568876093,
  "run_name": "seed_1",
  "selection_metric": "val_acc",
  "soft_acc": 71.21212121212122,
  "split_seed": 42,
  "stable_correct_fraction": 71.21212005615234,
  "stable_correct_valid_fraction": 71.21211886405945,
  "test_acc": 71.21212121212122,
  "test_accuracy": 71.21212121212122,
  "timestep_gates": [],
  "tmax": 8,
  "val_ratio": 0.2,
  "worst_prefix_accuracy": 48.8636360168457,
  "wrong_to_correct_transition_count": 103.0
}