Timestep,Accuracy
1,67.80303192138672
2,68.18181610107422
3,70.45454406738281
4,73.10606384277344
5,71.96969604492188
6,71.96969604492188
7,71.96969604492188
8,70.83332824707031
