{
  "beneficial_transition_fraction": 2.9761905670166016,
  "best_epoch": 26,
  "best_validation_accuracy": 82.79069789620333,
  "best_validation_loss": 0.4952910577141961,
  "checkpoint_selection": "best_val",
  "conditional_regression_rate_per_transition": [
    8.379888534545898,
    3.8888890743255615,
    1.612903118133545,
    3.6269431114196777,
    3.6842103004455566,
    1.5789473056793213,
    2.6315789222717285
  ],
  "conditional_valid_transition_mask": [
    true,
    true,
    true,
    true,
    true,
    true,
    true
  ],
  "consecutive_regression_rate": 2.543290376663208,
  "consecutive_regression_rate_per_transition": [
    5.68181848526001,
    2.651515245437622,
    1.1363636255264282,
    2.651515245437622,
    2.651515245437622,
    1.1363636255264282,
    1.89393949508667
  ],
  "correct_samples_per_transition": [
    179,
    180,
    186,
    193,
    190,
    190,
    190
  ],
  "correct_to_wrong_transition_count": 47.0,
  "dataset": "dvs_gesture",
  "destructive_transition_fraction": 2.54328989982605,
  "effective_timestep": 8.0,
  "energy_proxy": 1.041993589112253,
  "ever_recovered_fraction": 43.24324417114258,
  "ever_regressed_fraction": 17.889907836914062,
  "ever_regressed_rate": 17.889907836914062,
  "executed_timestep": 8.0,
  "final_accuracy": 70.83332824707031,
  "first_correct_valid_fraction": 82.57575631141663,
  "gated_spike_rate": 0.13024919863903162,
  "hard_acc": 0.0,
  "hard_budget_proxy": 0.0,
  "hard_effective_timestep": 8.0,
  "hard_prefix_masks": [],
  "hard_prefix_steps": {},
  "layer1_effective_timestep": 8.0,
  "layer1_hard_timestep": 8.0,
  "layer2_effective_timestep": 8.0,
  "layer2_hard_timestep": 8.0,
  "loop_energy_proxy": 1.041993589112253,
  "loss": 0.797871652877692,
  "mean_conditional_regression": 3.5932724475860596,
  "mean_conditional_regression_rate": 3.629051446914673,
  "mean_first_correct_timestep": 1.4174312353134155,
  "mean_negative_temporal_gain": 0.324676513671875,
  "mean_population_regression": 2.54328989982605,
  "mean_population_regression_rate": 2.543290376663208,
  "mean_prefix_accuracy": 70.7859878540039,
  "mean_stable_correct_timestep": 1.545454502105713,
  "minimum_prefix_accuracy": 67.80303192138672,
  "model": "fixed_lif",
  "negative_temporal_gain": 2.272735595703125,
  "never_correct_fraction": 17.424242198467255,
  "never_stable_fraction": 29.16666567325592,
  "num_samples": 264,
  "population_regression_rate_per_transition": [
    5.68181848526001,
    2.651515245437622,
    1.1363636255264282,
    2.651515245437622,
    2.651515245437622,
    1.1363636255264282,
    1.89393949508667
  ],
  "prefix_accuracy_auc": 70.7859878540039,
  "prefix_accuracy_curve": [
    67.80303192138672,
    68.18181610107422,
    70.45454406738281,
    73.10606384277344,
    71.96969604492188,
    71.96969604492188,
    71.96969604492188,
    70.83332824707031
  ],
  "prefix_accuracy_t1": 67.80303192138672,
  "prefix_accuracy_t2": 68.18181610107422,
  "prefix_accuracy_t3": 70.45454406738281,
  "prefix_accuracy_t4": 73.10606384277344,
  "prefix_accuracy_t5": 71.96969604492188,
  "prefix_accuracy_t6": 71.96969604492188,
  "prefix_accuracy_t7": 71.96969604492188,
  "prefix_accuracy_t8": 70.83332824707031,
  "prefix_energy_proxy": 1.041993589112253,
  "prefix_spike_rate": 0.13024919863903162,
  "raw_spike_rate": 0.13024919863903162,
  "run_name": "seed_1",
  "selection_metric": "val_acc",
  "soft_acc": 70.83333333333333,
  "split_seed": 42,
  "stable_correct_fraction": 70.83332824707031,
  "stable_correct_valid_fraction": 70.83333134651184,
  "test_acc": 70.83333333333333,
  "test_accuracy": 70.83333333333333,
  "timestep_gates": [],
  "tmax": 8,
  "val_ratio": 0.2,
  "worst_prefix_accuracy": 67.80303192138672,
  "wrong_to_correct_transition_count": 55.0
}