Timestep,Accuracy
1,50.0
2,56.43939208984375
3,61.74242401123047
4,61.3636360168457
5,61.74242401123047
6,62.121212005615234
7,62.121212005615234
8,62.121212005615234
