{
  "dataset": "nmnist",
  "effective_timestep": 1.8486757278442383,
  "energy_proxy": 0.04707560786141375,
  "executed_timestep": 1.0,
  "gated_spike_rate": 0.025464502590894698,
  "hard_acc": 97.22,
  "hard_budget_proxy": {
    "average": 2.008972644805908,
    "layer1": 1.3831570148468018,
    "layer2": 2.6347880363464355
  },
  "hard_effective_timestep": 1.0,
  "hard_prefix_masks": {
    "layer1": [
      1.0,
      0.0,
      0.0,
      0.0,
      0.0,
      0.0,
      0.0,
      0.0
    ],
    "layer2": [
      1.0,
      0.0,
      0.0,
      0.0,
      0.0,
      0.0,
      0.0,
      0.0
    ]
  },
  "hard_prefix_steps": {
    "average": 1.0,
    "executed": 1.0,
    "layer1": 1.0,
    "layer2": 1.0
  },
  "layer1_effective_timestep": 1.1764945983886719,
  "layer1_hard_timestep": 1.0,
  "layer2_effective_timestep": 2.5208568572998047,
  "layer2_hard_timestep": 1.0,
  "loop_energy_proxy": 0.12703461410999298,
  "model": "layerwise_chronoskip_s2h",
  "prefix_energy_proxy": 0.12703461410999298,
  "prefix_spike_rate": 0.12703461410999298,
  "raw_spike_rate": 0.08178723437786102,
  "run_name": "event_20260702_114105_layerwise_chronoskip_s2h_dep_T4target",
  "soft_acc": 97.48,
  "test_acc": 97.22,
  "test_accuracy": 97.22,
  "timestep_gates": {
    "layer1": [
      0.5138988494873047,
      0.26926425099372864,
      0.15388530492782593,
      0.09408283233642578,
      0.06034749001264572,
      0.04000403359532356,
      0.02678738161921501,
      0.01822439208626747
    ],
    "layer2": [
      0.9174965023994446,
      0.7340555191040039,
      0.39902418851852417,
      0.22010913491249084,
      0.11455129832029343,
      0.06604230403900146,
      0.04198748245835304,
      0.02759064920246601
    ]
  },
  "tmax": 8
}