{
  "average_spike_rate": 0.3184990292072296,
  "candidate_metadata": [
    {
      "name": "fast_sensitive",
      "tau": 2.0,
      "v_th": 0.5
    },
    {
      "name": "fast_balanced",
      "tau": 2.0,
      "v_th": 1.0
    },
    {
      "name": "memory_balanced",
      "tau": 6.0,
      "v_th": 1.0
    },
    {
      "name": "memory_sparse",
      "tau": 6.0,
      "v_th": 1.5
    }
  ],
  "candidate_probabilities": [
    [
      0.272734135389328,
      0.22452379763126373,
      0.28184574842453003,
      0.22089633345603943
    ],
    [
      0.2666204571723938,
      0.23374368250370026,
      0.27551066875457764,
      0.2241252213716507
    ]
  ],
  "dataset": "fashionmnist",
  "effective_timestep": 7.714216232299805,
  "energy_proxy": 2.45697038108214,
  "gated_spike_rate": 0.3184990292072296,
  "hard_effective_timestep": 8.0,
  "model": "spikegate",
  "prefix_energy_proxy": 2.6764238578796387,
  "prefix_spike_rate": 0.33455298223495483,
  "raw_spike_rate": 0.33112065382003786,
  "run_name": "suite_20260701_174046_spikegate",
  "selected_indices": [
    2,
    2
  ],
  "selected_names": [
    "memory_balanced",
    "memory_balanced"
  ],
  "test_accuracy": 87.66999957084656,
  "timestep_gates": [
    0.9913440942764282,
    0.9837081432342529,
    0.9762281775474548,
    0.9685678482055664,
    0.9607499837875366,
    0.9530313014984131,
    0.9441322684288025,
    0.9364544153213501
  ]
}