{
  "dataset": "fashionmnist",
  "effective_timestep": 8.0,
  "energy_proxy": 2.238241672515869,
  "executed_timestep": 8.0,
  "gated_spike_rate": 0.27978020906448364,
  "hard_acc": 88.5999997138977,
  "hard_budget_proxy": 0.0,
  "hard_effective_timestep": 8.0,
  "hard_prefix_masks": [],
  "hard_prefix_steps": {},
  "layer1_effective_timestep": 8.0,
  "layer1_hard_timestep": 8.0,
  "layer2_effective_timestep": 8.0,
  "layer2_hard_timestep": 8.0,
  "loop_energy_proxy": 2.238241672515869,
  "model": "fixed_lif",
  "prefix_energy_proxy": 2.238241672515869,
  "prefix_spike_rate": 0.27978020906448364,
  "raw_spike_rate": 0.27978020906448364,
  "run_name": "fixed_lif_T8",
  "soft_acc": 88.5999997138977,
  "test_acc": 88.5999997138977,
  "test_accuracy": 88.5999997138977,
  "timestep_gates": [],
  "tmax": 8
}