Timestep,Accuracy
1,44.69696807861328
2,57.19696807861328
3,64.7727279663086
4,69.31818389892578
5,69.31818389892578
6,71.59090423583984
7,71.59090423583984
8,71.21212005615234
