{
  "beneficial_transition_fraction": 6.00649356842041,
  "conditional_regression_rate_per_transition": [
    7.6271185874938965,
    6.62251615524292,
    2.9239766597747803,
    3.278688430786133,
    1.0928961038589478,
    2.6455025672912598,
    2.1164021492004395
  ],
  "conditional_valid_transition_mask": [
    true,
    true,
    true,
    true,
    true,
    true,
    true
  ],
  "consecutive_regression_rate": 2.2186148166656494,
  "consecutive_regression_rate_per_transition": [
    3.409090995788574,
    3.78787899017334,
    1.89393949508667,
    2.2727272510528564,
    0.7575757503509521,
    1.89393949508667,
    1.5151515007019043
  ],
  "correct_samples_per_transition": [
    118,
    151,
    171,
    183,
    183,
    189,
    189
  ],
  "correct_to_wrong_transition_count": 41.0,
  "destructive_transition_fraction": 2.2186148166656494,
  "ever_recovered_fraction": 61.17647171020508,
  "ever_regressed_fraction": 16.666667938232422,
  "ever_regressed_rate": 16.666667938232422,
  "final_accuracy": 71.21212005615234,
  "first_correct_valid_fraction": 81.81818127632141,
  "mean_conditional_regression": 3.4628379344940186,
  "mean_conditional_regression_rate": 3.758157253265381,
  "mean_first_correct_timestep": 1.9861111640930176,
  "mean_negative_temporal_gain": 0.0541120246052742,
  "mean_population_regression": 2.2186148166656494,
  "mean_population_regression_rate": 2.2186148166656494,
  "mean_prefix_accuracy": 64.96212005615234,
  "mean_stable_correct_timestep": 2.202127695083618,
  "minimum_prefix_accuracy": 44.69696807861328,
  "negative_temporal_gain": 0.3787841796875,
  "never_correct_fraction": 18.18181872367859,
  "never_stable_fraction": 28.787878155708313,
  "num_samples": 264,
  "population_regression_rate_per_transition": [
    3.409090995788574,
    3.78787899017334,
    1.89393949508667,
    2.2727272510528564,
    0.7575757503509521,
    1.89393949508667,
    1.5151515007019043
  ],
  "prefix_accuracy_auc": 64.96212005615234,
  "prefix_accuracy_curve": [
    44.69696807861328,
    57.19696807861328,
    64.7727279663086,
    69.31818389892578,
    69.31818389892578,
    71.59090423583984,
    71.59090423583984,
    71.21212005615234
  ],
  "prefix_accuracy_t1": 44.69696807861328,
  "prefix_accuracy_t2": 57.19696807861328,
  "prefix_accuracy_t3": 64.7727279663086,
  "prefix_accuracy_t4": 69.31818389892578,
  "prefix_accuracy_t5": 69.31818389892578,
  "prefix_accuracy_t6": 71.59090423583984,
  "prefix_accuracy_t7": 71.59090423583984,
  "prefix_accuracy_t8": 71.21212005615234,
  "stable_correct_fraction": 71.21212005615234,
  "stable_correct_valid_fraction": 71.21211886405945,
  "worst_prefix_accuracy": 44.69696807861328,
  "wrong_to_correct_transition_count": 111.0
}