{
  "beneficial_transition_fraction": 6.00649356842041,
  "best_epoch": 26,
  "best_validation_accuracy": 82.32558161713357,
  "best_validation_loss": 0.5050350229407465,
  "checkpoint_selection": "best_val",
  "conditional_regression_rate_per_transition": [
    7.6271185874938965,
    6.62251615524292,
    2.9239766597747803,
    3.278688430786133,
    1.0928961038589478,
    2.6455025672912598,
    2.1164021492004395
  ],
  "conditional_valid_transition_mask": [
    true,
    true,
    true,
    true,
    true,
    true,
    true
  ],
  "consecutive_regression_rate": 2.2186148166656494,
  "consecutive_regression_rate_per_transition": [
    3.409090995788574,
    3.78787899017334,
    1.89393949508667,
    2.2727272510528564,
    0.7575757503509521,
    1.89393949508667,
    1.5151515007019043
  ],
  "correct_samples_per_transition": [
    118,
    151,
    171,
    183,
    183,
    189,
    189
  ],
  "correct_to_wrong_transition_count": 41.0,
  "dataset": "dvs_gesture",
  "destructive_transition_fraction": 2.2186148166656494,
  "effective_timestep": 8.0,
  "energy_proxy": 0.9197295362299139,
  "ever_recovered_fraction": 61.17647171020508,
  "ever_regressed_fraction": 16.666667938232422,
  "ever_regressed_rate": 16.666667938232422,
  "executed_timestep": 8.0,
  "final_accuracy": 71.21212005615234,
  "first_correct_valid_fraction": 81.81818127632141,
  "gated_spike_rate": 0.11496619202873924,
  "hard_acc": 0.0,
  "hard_budget_proxy": 0.0,
  "hard_effective_timestep": 8.0,
  "hard_prefix_masks": [],
  "hard_prefix_steps": {},
  "layer1_effective_timestep": 8.0,
  "layer1_hard_timestep": 8.0,
  "layer2_effective_timestep": 8.0,
  "layer2_hard_timestep": 8.0,
  "loop_energy_proxy": 0.9197295362299139,
  "loss": 0.8077503695632472,
  "mean_conditional_regression": 3.4628379344940186,
  "mean_conditional_regression_rate": 3.758157253265381,
  "mean_first_correct_timestep": 1.9861111640930176,
  "mean_negative_temporal_gain": 0.0541120246052742,
  "mean_population_regression": 2.2186148166656494,
  "mean_population_regression_rate": 2.2186148166656494,
  "mean_prefix_accuracy": 64.96212005615234,
  "mean_stable_correct_timestep": 2.202127695083618,
  "minimum_prefix_accuracy": 44.69696807861328,
  "model": "fixed_lif",
  "negative_temporal_gain": 0.3787841796875,
  "never_correct_fraction": 18.18181872367859,
  "never_stable_fraction": 28.787878155708313,
  "num_samples": 264,
  "population_regression_rate_per_transition": [
    3.409090995788574,
    3.78787899017334,
    1.89393949508667,
    2.2727272510528564,
    0.7575757503509521,
    1.89393949508667,
    1.5151515007019043
  ],
  "prefix_accuracy_auc": 64.96212005615234,
  "prefix_accuracy_curve": [
    44.69696807861328,
    57.19696807861328,
    64.7727279663086,
    69.31818389892578,
    69.31818389892578,
    71.59090423583984,
    71.59090423583984,
    71.21212005615234
  ],
  "prefix_accuracy_t1": 44.69696807861328,
  "prefix_accuracy_t2": 57.19696807861328,
  "prefix_accuracy_t3": 64.7727279663086,
  "prefix_accuracy_t4": 69.31818389892578,
  "prefix_accuracy_t5": 69.31818389892578,
  "prefix_accuracy_t6": 71.59090423583984,
  "prefix_accuracy_t7": 71.59090423583984,
  "prefix_accuracy_t8": 71.21212005615234,
  "prefix_energy_proxy": 0.9197295362299139,
  "prefix_spike_rate": 0.11496619202873924,
  "raw_spike_rate": 0.11496619202873924,
  "run_name": "seed_2",
  "selection_metric": "val_acc",
  "soft_acc": 71.21212121212122,
  "split_seed": 42,
  "stable_correct_fraction": 71.21212005615234,
  "stable_correct_valid_fraction": 71.21211886405945,
  "test_acc": 71.21212121212122,
  "test_accuracy": 71.21212121212122,
  "timestep_gates": [],
  "tmax": 8,
  "val_ratio": 0.2,
  "worst_prefix_accuracy": 44.69696807861328,
  "wrong_to_correct_transition_count": 111.0
}