{
  "average_spike_rate": 0.31801231212615966,
  "candidate_metadata": [
    {
      "name": "fast_sensitive",
      "tau": 2.0,
      "v_th": 0.5
    },
    {
      "name": "fast_balanced",
      "tau": 2.0,
      "v_th": 1.0
    },
    {
      "name": "memory_balanced",
      "tau": 6.0,
      "v_th": 1.0
    },
    {
      "name": "memory_sparse",
      "tau": 6.0,
      "v_th": 1.5
    }
  ],
  "candidate_probabilities": [
    [
      0.2728928029537201,
      0.22442929446697235,
      0.2819454073905945,
      0.22073251008987427
    ],
    [
      0.2666577100753784,
      0.23381507396697998,
      0.27544769644737244,
      0.22407956421375275
    ]
  ],
  "dataset": "fashionmnist",
  "effective_timestep": 7.70075798034668,
  "energy_proxy": 2.4489358504540233,
  "gated_spike_rate": 0.31801231212615966,
  "hard_effective_timestep": 8.0,
  "model": "spikegate",
  "prefix_energy_proxy": 2.676473728942871,
  "prefix_spike_rate": 0.3345592161178589,
  "raw_spike_rate": 0.33122848587036136,
  "run_name": "suite_20260701_171223_spikegate",
  "selected_indices": [
    2,
    2
  ],
  "selected_names": [
    "memory_balanced",
    "memory_balanced"
  ],
  "test_accuracy": 87.73999985694886,
  "timestep_gates": [
    0.9909143447875977,
    0.9829082489013672,
    0.9750992655754089,
    0.9670886397361755,
    0.9589016437530518,
    0.950823962688446,
    0.9415234327316284,
    0.9334984421730042
  ]
}