{
  "conditional_regression_rate_per_transition": [
    3.9033215045928955,
    2.1833040714263916,
    0.5514072179794312,
    0.42221498489379883,
    0.6076479554176331,
    0.42655014991760254,
    0.3820340931415558
  ],
  "conditional_valid_transition_mask": [
    true,
    true,
    true,
    true,
    true,
    true,
    true
  ],
  "consecutive_regression_rate": 1.0171427726745605,
  "consecutive_regression_rate_per_transition": [
    3.0199999809265137,
    1.8700000047683716,
    0.48000001907348633,
    0.38999998569488525,
    0.5799999833106995,
    0.4099999964237213,
    0.3700000047683716
  ],
  "correct_samples_per_transition": [
    7737,
    8565,
    8705,
    9237,
    9545,
    9612,
    9685
  ],
  "ever_regressed_rate": 7.006691932678223,
  "first_correct_valid_fraction": 98.61999750137329,
  "mean_conditional_regression_rate": 1.210925817489624,
  "mean_first_correct_timestep": 1.4640032052993774,
  "mean_negative_temporal_gain": 0.0,
  "mean_population_regression_rate": 1.0171427726745605,
  "mean_stable_correct_timestep": 1.6371699571609497,
  "negative_temporal_gain": 0.0,
  "never_correct_fraction": 1.3799999840557575,
  "never_stable_fraction": 3.0400000512599945,
  "num_samples": 10000,
  "population_regression_rate_per_transition": [
    3.0199999809265137,
    1.8700000047683716,
    0.48000001907348633,
    0.38999998569488525,
    0.5799999833106995,
    0.4099999964237213,
    0.3700000047683716
  ],
  "prefix_accuracy_auc": 90.97750091552734,
  "prefix_accuracy_curve": [
    77.37000274658203,
    85.6500015258789,
    87.05000305175781,
    92.3699951171875,
    95.45000457763672,
    96.12000274658203,
    96.8499984741211,
    96.95999908447266
  ],
  "prefix_accuracy_t1": 77.37000274658203,
  "prefix_accuracy_t2": 85.6500015258789,
  "prefix_accuracy_t3": 87.05000305175781,
  "prefix_accuracy_t4": 92.3699951171875,
  "prefix_accuracy_t5": 95.45000457763672,
  "prefix_accuracy_t6": 96.12000274658203,
  "prefix_accuracy_t7": 96.8499984741211,
  "prefix_accuracy_t8": 96.95999908447266,
  "stable_correct_valid_fraction": 96.96000218391418,
  "worst_prefix_accuracy": 77.37000274658203
}