Timestep,Accuracy
1,77.37000274658203
2,85.6500015258789
3,87.05000305175781
4,92.3699951171875
5,95.45000457763672
6,96.12000274658203
7,96.8499984741211
8,96.95999908447266
