Timestep,Accuracy
1,57.209999084472656
2,78.77999877929688
3,89.67000579833984
4,96.1500015258789
5,98.12999725341797
6,98.52999877929688
7,98.91999816894531
8,99.0
