{
  "beneficial_transition_fraction": 6.084285736083984,
  "conditional_regression_rate_per_transition": [
    0.3321097791194916,
    0.1523229330778122,
    0.10036801546812057,
    0.08320333063602448,
    0.07133394479751587,
    0.11164113134145737,
    0.14152850210666656
  ],
  "conditional_valid_transition_mask": [
    true,
    true,
    true,
    true,
    true,
    true,
    true
  ],
  "consecutive_regression_rate": 0.11428570747375488,
  "consecutive_regression_rate_per_transition": [
    0.1899999976158142,
    0.12000000476837158,
    0.08999999612569809,
    0.07999999821186066,
    0.07000000029802322,
    0.10999999940395355,
    0.14000000059604645
  ],
  "correct_samples_per_transition": [
    5721,
    7878,
    8967,
    9615,
    9813,
    9853,
    9892
  ],
  "correct_to_wrong_transition_count": 80.0,
  "destructive_transition_fraction": 0.11428571492433548,
  "ever_recovered_fraction": 98.30940246582031,
  "ever_regressed_fraction": 0.7946087121963501,
  "ever_regressed_rate": 0.7946087121963501,
  "final_accuracy": 99.0,
  "first_correct_valid_fraction": 99.41999912261963,
  "mean_conditional_regression": 0.12957774102687836,
  "mean_conditional_regression_rate": 0.14178679883480072,
  "mean_first_correct_timestep": 1.7760008573532104,
  "mean_negative_temporal_gain": 0.0,
  "mean_population_regression": 0.11428571492433548,
  "mean_population_regression_rate": 0.11428570747375488,
  "mean_prefix_accuracy": 89.54875183105469,
  "mean_stable_correct_timestep": 1.7834343910217285,
  "minimum_prefix_accuracy": 57.209999084472656,
  "negative_temporal_gain": 0.0,
  "never_correct_fraction": 0.5799999926239252,
  "never_stable_fraction": 0.9999999776482582,
  "num_samples": 10000,
  "population_regression_rate_per_transition": [
    0.1899999976158142,
    0.12000000476837158,
    0.08999999612569809,
    0.07999999821186066,
    0.07000000029802322,
    0.10999999940395355,
    0.14000000059604645
  ],
  "prefix_accuracy_auc": 89.54874420166016,
  "prefix_accuracy_curve": [
    57.209999084472656,
    78.77999877929688,
    89.67000579833984,
    96.1500015258789,
    98.12999725341797,
    98.52999877929688,
    98.91999816894531,
    99.0
  ],
  "prefix_accuracy_t1": 57.209999084472656,
  "prefix_accuracy_t2": 78.77999877929688,
  "prefix_accuracy_t3": 89.67000579833984,
  "prefix_accuracy_t4": 96.1500015258789,
  "prefix_accuracy_t5": 98.12999725341797,
  "prefix_accuracy_t6": 98.52999877929688,
  "prefix_accuracy_t7": 98.91999816894531,
  "prefix_accuracy_t8": 99.0,
  "stable_by_t4_fraction": 95.85000276565552,
  "stable_by_t6_fraction": 98.32000136375427,
  "stable_correct_fraction": 99.0,
  "stable_correct_valid_fraction": 99.00000095367432,
  "worst_prefix_accuracy": 57.209999084472656,
  "wrong_to_correct_transition_count": 4259.0
}