{
  "beneficial_transition_fraction": 6.084285736083984,
  "correct_to_wrong_transition_count": 80.0,
  "destructive_transition_fraction": 0.11428571492433548,
  "ever_recovered_fraction": 98.30940246582031,
  "ever_regressed_fraction": 0.7946087121963501,
  "final_accuracy": 99.0,
  "mean_conditional_regression": 0.12957774102687836,
  "mean_population_regression": 0.11428571492433548,
  "mean_prefix_accuracy": 89.54875183105469,
  "mean_stable_correct_timestep": 1.7834343910217285,
  "minimum_prefix_accuracy": 57.209999084472656,
  "never_stable_fraction": 0.9999999776482582,
  "prefix_accuracy_curve": [
    57.209999084472656,
    78.77999877929688,
    89.67000579833984,
    96.1500015258789,
    98.12999725341797,
    98.52999877929688,
    98.91999816894531,
    99.0
  ],
  "prefix_loss_weight": 0.0,
  "stable_by_t4_fraction": 95.85000276565552,
  "stable_by_t6_fraction": 98.32000136375427,
  "stable_correct_fraction": 99.0,
  "temporal_confidence_threshold": 0.6,
  "temporal_loss_weight": 1.0,
  "temporal_margin": 0.0,
  "temporal_selection_mode": "hard",
  "temporal_temperature": 1.0,
  "temporal_training_mode": "selective_regression",
  "wrong_to_correct_transition_count": 4259.0
}