{
  "dataset": "fashionmnist",
  "effective_timestep": 6.260107040405273,
  "energy_proxy": 1.2286668164959413,
  "executed_timestep": 8.0,
  "gated_spike_rate": 0.19626929836273194,
  "hard_acc": 85.86000001907348,
  "hard_budget_proxy": {
    "global": 6.333205223083496
  },
  "hard_effective_timestep": 8.0,
  "hard_prefix_masks": [
    1.0,
    1.0,
    1.0,
    1.0,
    1.0,
    1.0,
    1.0,
    1.0
  ],
  "hard_prefix_steps": {
    "global": 8.0
  },
  "layer1_effective_timestep": 6.260107040405273,
  "layer1_hard_timestep": 8.0,
  "layer2_effective_timestep": 6.260107040405273,
  "layer2_hard_timestep": 8.0,
  "loop_energy_proxy": 2.323054628753662,
  "model": "global_chronoskip_s2h",
  "prefix_energy_proxy": 2.323054628753662,
  "prefix_spike_rate": 0.29038182859420775,
  "raw_spike_rate": 0.2507117495536804,
  "run_name": "diagnostic_20260702_104424_global_hb_002",
  "soft_acc": 85.81000004768372,
  "test_acc": 85.86000001907348,
  "test_accuracy": 85.86000001907348,
  "timestep_gates": [
    0.945979654788971,
    0.8972999453544617,
    0.8484764099121094,
    0.8023554682731628,
    0.7557401061058044,
    0.712591826915741,
    0.6675107479095459,
    0.630153238773346
  ],
  "tmax": 8
}