{
  "dataset": "dvs_gesture",
  "effective_timestep": 6.0,
  "energy_proxy": 0.5524404157291759,
  "executed_timestep": 6.0,
  "gated_spike_rate": 0.09207340262152931,
  "hard_acc": 63.25757575757576,
  "hard_budget_proxy": 0.0,
  "hard_effective_timestep": 6.0,
  "hard_prefix_masks": [],
  "hard_prefix_steps": {},
  "layer1_effective_timestep": 6.0,
  "layer1_hard_timestep": 6.0,
  "layer2_effective_timestep": 6.0,
  "layer2_hard_timestep": 6.0,
  "loop_energy_proxy": 0.5524404157291759,
  "model": "fixed_lif",
  "prefix_energy_proxy": 0.5524404157291759,
  "prefix_spike_rate": 0.09207340262152931,
  "raw_spike_rate": 0.09207340262152931,
  "run_name": "event_20260711_094138_fixed_rebin_T6",
  "soft_acc": 63.25757575757576,
  "test_acc": 63.25757575757576,
  "test_accuracy": 63.25757575757576,
  "timestep_gates": [],
  "tmax": 6
}