Timestep,Accuracy
1,44.318180084228516
2,61.3636360168457
3,66.66667175292969
4,68.93939208984375
5,70.45454406738281
6,71.59090423583984
7,70.83332824707031
8,73.10606384277344
