{
  "beneficial_transition_fraction": 6.439393997192383,
  "best_epoch": 28,
  "best_validation_accuracy": 84.18604695519736,
  "best_validation_loss": 0.4484398951364118,
  "checkpoint_selection": "best_val",
  "conditional_regression_rate_per_transition": [
    8.547008514404297,
    7.407407283782959,
    4.545454502105713,
    1.648351788520813,
    1.612903118133545,
    2.6455025672912598,
    1.0695186853408813
  ],
  "conditional_valid_transition_mask": [
    true,
    true,
    true,
    true,
    true,
    true,
    true
  ],
  "consecutive_regression_rate": 2.3268396854400635,
  "consecutive_regression_rate_per_transition": [
    3.78787899017334,
    4.545454502105713,
    3.0303030014038086,
    1.1363636255264282,
    1.1363636255264282,
    1.89393949508667,
    0.7575757503509521
  ],
  "correct_samples_per_transition": [
    117,
    162,
    176,
    182,
    186,
    189,
    187
  ],
  "correct_to_wrong_transition_count": 43.0,
  "dataset": "dvs_gesture",
  "destructive_transition_fraction": 2.3268396854400635,
  "effective_timestep": 8.0,
  "energy_proxy": 0.9872632460160689,
  "ever_recovered_fraction": 65.14286041259766,
  "ever_regressed_fraction": 16.964284896850586,
  "ever_regressed_rate": 16.964284896850586,
  "executed_timestep": 8.0,
  "final_accuracy": 73.10606384277344,
  "first_correct_valid_fraction": 84.84848737716675,
  "gated_spike_rate": 0.1234079057520086,
  "hard_acc": 0.0,
  "hard_budget_proxy": 0.0,
  "hard_effective_timestep": 8.0,
  "hard_prefix_masks": [],
  "hard_prefix_steps": {},
  "layer1_effective_timestep": 8.0,
  "layer1_hard_timestep": 8.0,
  "layer2_effective_timestep": 8.0,
  "layer2_hard_timestep": 8.0,
  "loop_energy_proxy": 0.9872632460160689,
  "loss": 0.8515486518541971,
  "mean_conditional_regression": 3.586322069168091,
  "mean_conditional_regression_rate": 3.925163745880127,
  "mean_first_correct_timestep": 2.0357143878936768,
  "mean_negative_temporal_gain": 0.10822514444589615,
  "mean_population_regression": 2.3268396854400635,
  "mean_population_regression_rate": 2.3268396854400635,
  "mean_prefix_accuracy": 65.90909576416016,
  "mean_stable_correct_timestep": 2.2590672969818115,
  "minimum_prefix_accuracy": 44.318180084228516,
  "model": "fixed_lif",
  "negative_temporal_gain": 0.7575759887695312,
  "never_correct_fraction": 15.15151560306549,
  "never_stable_fraction": 26.893940567970276,
  "num_samples": 264,
  "population_regression_rate_per_transition": [
    3.78787899017334,
    4.545454502105713,
    3.0303030014038086,
    1.1363636255264282,
    1.1363636255264282,
    1.89393949508667,
    0.7575757503509521
  ],
  "prefix_accuracy_auc": 65.90909576416016,
  "prefix_accuracy_curve": [
    44.318180084228516,
    61.3636360168457,
    66.66667175292969,
    68.93939208984375,
    70.45454406738281,
    71.59090423583984,
    70.83332824707031,
    73.10606384277344
  ],
  "prefix_accuracy_t1": 44.318180084228516,
  "prefix_accuracy_t2": 61.3636360168457,
  "prefix_accuracy_t3": 66.66667175292969,
  "prefix_accuracy_t4": 68.93939208984375,
  "prefix_accuracy_t5": 70.45454406738281,
  "prefix_accuracy_t6": 71.59090423583984,
  "prefix_accuracy_t7": 70.83332824707031,
  "prefix_accuracy_t8": 73.10606384277344,
  "prefix_energy_proxy": 0.9872632460160689,
  "prefix_spike_rate": 0.1234079057520086,
  "raw_spike_rate": 0.1234079057520086,
  "run_name": "seed_0",
  "selection_metric": "val_acc",
  "soft_acc": 73.10606060606061,
  "split_seed": 42,
  "stable_correct_fraction": 73.10606384277344,
  "stable_correct_valid_fraction": 73.10606241226196,
  "test_acc": 73.10606060606061,
  "test_accuracy": 73.10606060606061,
  "timestep_gates": [],
  "tmax": 8,
  "val_ratio": 0.2,
  "worst_prefix_accuracy": 44.318180084228516,
  "wrong_to_correct_transition_count": 119.0
}