{
  "beneficial_transition_fraction": 5.411255359649658,
  "conditional_regression_rate_per_transition": [
    8.95522403717041,
    9.090909004211426,
    3.488372325897217,
    1.6759777069091797,
    2.659574508666992,
    2.1164021492004395,
    1.0582010746002197
  ],
  "conditional_valid_transition_mask": [
    true,
    true,
    true,
    true,
    true,
    true,
    true
  ],
  "consecutive_regression_rate": 2.543290376663208,
  "consecutive_regression_rate_per_transition": [
    4.545454502105713,
    5.68181848526001,
    2.2727272510528564,
    1.1363636255264282,
    1.89393949508667,
    1.5151515007019043,
    0.7575757503509521
  ],
  "correct_samples_per_transition": [
    134,
    165,
    172,
    179,
    188,
    189,
    189
  ],
  "correct_to_wrong_transition_count": 47.0,
  "destructive_transition_fraction": 2.54328989982605,
  "ever_recovered_fraction": 58.68263244628906,
  "ever_regressed_fraction": 19.55555534362793,
  "ever_regressed_rate": 19.55555534362793,
  "final_accuracy": 70.83332824707031,
  "first_correct_valid_fraction": 85.22727489471436,
  "mean_conditional_regression": 3.8651318550109863,
  "mean_conditional_regression_rate": 4.149237155914307,
  "mean_first_correct_timestep": 1.8622221946716309,
  "mean_negative_temporal_gain": 0.10822514444589615,
  "mean_population_regression": 2.54328989982605,
  "mean_population_regression_rate": 2.543290376663208,
  "mean_prefix_accuracy": 66.42992401123047,
  "mean_stable_correct_timestep": 2.1016042232513428,
  "minimum_prefix_accuracy": 50.75757598876953,
  "negative_temporal_gain": 0.7575759887695312,
  "never_correct_fraction": 14.772726595401764,
  "never_stable_fraction": 29.16666567325592,
  "num_samples": 264,
  "population_regression_rate_per_transition": [
    4.545454502105713,
    5.68181848526001,
    2.2727272510528564,
    1.1363636255264282,
    1.89393949508667,
    1.5151515007019043,
    0.7575757503509521
  ],
  "prefix_accuracy_auc": 66.42992401123047,
  "prefix_accuracy_curve": [
    50.75757598876953,
    62.5,
    65.1515121459961,
    67.80303192138672,
    71.21212005615234,
    71.59090423583984,
    71.59090423583984,
    70.83332824707031
  ],
  "prefix_accuracy_t1": 50.75757598876953,
  "prefix_accuracy_t2": 62.5,
  "prefix_accuracy_t3": 65.1515121459961,
  "prefix_accuracy_t4": 67.80303192138672,
  "prefix_accuracy_t5": 71.21212005615234,
  "prefix_accuracy_t6": 71.59090423583984,
  "prefix_accuracy_t7": 71.59090423583984,
  "prefix_accuracy_t8": 70.83332824707031,
  "stable_correct_fraction": 70.83332824707031,
  "stable_correct_valid_fraction": 70.83333134651184,
  "worst_prefix_accuracy": 50.75757598876953,
  "wrong_to_correct_transition_count": 100.0
}