Timestep,Accuracy
1,50.75757598876953
2,62.5
3,65.1515121459961
4,67.80303192138672
5,71.21212005615234
6,71.59090423583984
7,71.59090423583984
8,70.83332824707031
