Timestep,Accuracy
1,97.95999908447266
2,98.3699951171875
3,98.32999420166016
4,98.50999450683594
5,98.62999725341797
6,98.79000091552734
7,98.86000061035156
8,98.97000122070312
