{
  "beneficial_transition_fraction": 0.30142858624458313,
  "best_epoch": 25,
  "best_validation_accuracy": 98.93333333333334,
  "best_validation_loss": 0.035090027390047906,
  "checkpoint_selection": "best_val",
  "conditional_regression_rate_per_transition": [
    0.3164556920528412,
    0.3456338346004486,
    0.13220787048339844,
    0.09136128425598145,
    0.06083342060446739,
    0.0809798538684845,
    0.09103783220052719
  ],
  "conditional_valid_transition_mask": [
    true,
    true,
    true,
    true,
    true,
    true,
    true
  ],
  "consecutive_regression_rate": 0.15714286267757416,
  "consecutive_regression_rate_per_transition": [
    0.3100000023841858,
    0.3400000035762787,
    0.12999999523162842,
    0.08999999612569809,
    0.06000000238418579,
    0.07999999821186066,
    0.08999999612569809
  ],
  "correct_samples_per_transition": [
    9796,
    9837,
    9833,
    9851,
    9863,
    9879,
    9886
  ],
  "correct_to_wrong_transition_count": 110.0,
  "dataset": "nmnist",
  "destructive_transition_fraction": 0.15714286267757416,
  "effective_timestep": 8.0,
  "energy_proxy": 0.6173838706970215,
  "ever_recovered_fraction": 69.20415496826172,
  "ever_regressed_fraction": 1.0562317371368408,
  "ever_regressed_rate": 1.0562317371368408,
  "executed_timestep": 8.0,
  "final_accuracy": 98.97000122070312,
  "first_correct_valid_fraction": 99.40999746322632,
  "gated_spike_rate": 0.07717298383712769,
  "hard_acc": 0.0,
  "hard_budget_proxy": 0.0,
  "hard_effective_timestep": 8.0,
  "hard_prefix_masks": [],
  "hard_prefix_steps": {},
  "layer1_effective_timestep": 8.0,
  "layer1_hard_timestep": 8.0,
  "layer2_effective_timestep": 8.0,
  "layer2_hard_timestep": 8.0,
  "loop_energy_proxy": 0.6173838706970215,
  "loss": 0.03377673207576154,
  "mean_conditional_regression": 0.15954746305942535,
  "mean_conditional_regression_rate": 0.1597871035337448,
  "mean_first_correct_timestep": 1.0347048044204712,
  "mean_negative_temporal_gain": 0.00571441650390625,
  "mean_population_regression": 0.15714286267757416,
  "mean_population_regression_rate": 0.15714286267757416,
  "mean_prefix_accuracy": 98.55249786376953,
  "mean_stable_correct_timestep": 1.0602202415466309,
  "minimum_prefix_accuracy": 97.95999908447266,
  "model": "fixed_lif",
  "negative_temporal_gain": 0.04000091552734375,
  "never_correct_fraction": 0.5900000222027302,
  "never_stable_fraction": 1.0300000198185444,
  "num_samples": 10000,
  "population_regression_rate_per_transition": [
    0.3100000023841858,
    0.3400000035762787,
    0.12999999523162842,
    0.08999999612569809,
    0.06000000238418579,
    0.07999999821186066,
    0.08999999612569809
  ],
  "prefix_accuracy_auc": 98.552490234375,
  "prefix_accuracy_curve": [
    97.95999908447266,
    98.3699951171875,
    98.32999420166016,
    98.50999450683594,
    98.62999725341797,
    98.79000091552734,
    98.86000061035156,
    98.97000122070312
  ],
  "prefix_accuracy_t1": 97.95999908447266,
  "prefix_accuracy_t2": 98.3699951171875,
  "prefix_accuracy_t3": 98.32999420166016,
  "prefix_accuracy_t4": 98.50999450683594,
  "prefix_accuracy_t5": 98.62999725341797,
  "prefix_accuracy_t6": 98.79000091552734,
  "prefix_accuracy_t7": 98.86000061035156,
  "prefix_accuracy_t8": 98.97000122070312,
  "prefix_energy_proxy": 0.6173838706970215,
  "prefix_spike_rate": 0.07717298383712769,
  "raw_spike_rate": 0.07717298383712769,
  "run_name": "seed_5",
  "selection_metric": "val_acc",
  "soft_acc": 98.97,
  "split_seed": 123,
  "stable_by_t4_fraction": 98.24000000953674,
  "stable_by_t6_fraction": 98.6299991607666,
  "stable_correct_fraction": 98.97000122070312,
  "stable_correct_valid_fraction": 98.97000193595886,
  "test_acc": 98.97,
  "test_accuracy": 98.97,
  "timestep_gates": [],
  "tmax": 8,
  "val_ratio": 0.2,
  "worst_prefix_accuracy": 97.95999908447266,
  "wrong_to_correct_transition_count": 211.0
}