{
  "beneficial_transition_fraction": 0.30142858624458313,
  "correct_to_wrong_transition_count": 110.0,
  "destructive_transition_fraction": 0.15714286267757416,
  "ever_recovered_fraction": 69.20415496826172,
  "ever_regressed_fraction": 1.0562317371368408,
  "final_accuracy": 98.97000122070312,
  "mean_conditional_regression": 0.15954746305942535,
  "mean_population_regression": 0.15714286267757416,
  "mean_prefix_accuracy": 98.55249786376953,
  "mean_stable_correct_timestep": 1.0602202415466309,
  "minimum_prefix_accuracy": 97.95999908447266,
  "never_stable_fraction": 1.0300000198185444,
  "prefix_accuracy_curve": [
    97.95999908447266,
    98.3699951171875,
    98.32999420166016,
    98.50999450683594,
    98.62999725341797,
    98.79000091552734,
    98.86000061035156,
    98.97000122070312
  ],
  "prefix_loss_weight": 0.0,
  "stable_by_t4_fraction": 98.24000000953674,
  "stable_by_t6_fraction": 98.6299991607666,
  "stable_correct_fraction": 98.97000122070312,
  "temporal_confidence_threshold": 0.8,
  "temporal_loss_weight": 1.0,
  "temporal_margin": 0.0,
  "temporal_selection_mode": "hard",
  "temporal_temperature": 1.0,
  "temporal_training_mode": "symmetric_kl",
  "wrong_to_correct_transition_count": 211.0
}