Timestep,Accuracy
1,46.212120056152344
2,59.09090805053711
3,63.6363639831543
4,67.42424011230469
5,68.56060791015625
6,70.45454406738281
7,70.07575988769531
8,71.59090423583984
