{
  "beneficial_transition_fraction": 5.898268699645996,
  "best_epoch": 28,
  "best_validation_accuracy": 83.72093056523522,
  "best_validation_loss": 0.4655980083831521,
  "checkpoint_selection": "best_val",
  "conditional_regression_rate_per_transition": [
    8.196721076965332,
    8.974359512329102,
    1.7857143878936768,
    2.2471909523010254,
    2.7624309062957764,
    2.1505377292633057,
    1.0810811519622803
  ],
  "conditional_valid_transition_mask": [
    true,
    true,
    true,
    true,
    true,
    true,
    true
  ],
  "consecutive_regression_rate": 2.2727274894714355,
  "consecutive_regression_rate_per_transition": [
    3.78787899017334,
    5.303030490875244,
    1.1363636255264282,
    1.5151515007019043,
    1.89393949508667,
    1.5151515007019043,
    0.7575757503509521
  ],
  "correct_samples_per_transition": [
    122,
    156,
    168,
    178,
    181,
    186,
    185
  ],
  "correct_to_wrong_transition_count": 42.0,
  "dataset": "dvs_gesture",
  "destructive_transition_fraction": 2.2727272510528564,
  "effective_timestep": 8.0,
  "energy_proxy": 0.9976527185151072,
  "ever_recovered_fraction": 60.94674301147461,
  "ever_regressed_fraction": 18.348623275756836,
  "ever_regressed_rate": 18.348623275756836,
  "executed_timestep": 8.0,
  "final_accuracy": 71.59090423583984,
  "first_correct_valid_fraction": 82.57575631141663,
  "gated_spike_rate": 0.1247065898143884,
  "hard_acc": 0.0,
  "hard_budget_proxy": 0.0,
  "hard_effective_timestep": 8.0,
  "hard_prefix_masks": [],
  "hard_prefix_steps": {},
  "layer1_effective_timestep": 8.0,
  "layer1_hard_timestep": 8.0,
  "layer2_effective_timestep": 8.0,
  "layer2_hard_timestep": 8.0,
  "loop_energy_proxy": 0.9976527185151072,
  "loss": 0.8636537754174435,
  "mean_conditional_regression": 3.5714287757873535,
  "mean_conditional_regression_rate": 3.8854336738586426,
  "mean_first_correct_timestep": 1.963302731513977,
  "mean_negative_temporal_gain": 0.0541120246052742,
  "mean_population_regression": 2.2727272510528564,
  "mean_population_regression_rate": 2.2727274894714355,
  "mean_prefix_accuracy": 64.63068389892578,
  "mean_stable_correct_timestep": 2.222222328186035,
  "minimum_prefix_accuracy": 46.212120056152344,
  "model": "fixed_lif",
  "negative_temporal_gain": 0.3787841796875,
  "never_correct_fraction": 17.424242198467255,
  "never_stable_fraction": 28.409090638160706,
  "num_samples": 264,
  "population_regression_rate_per_transition": [
    3.78787899017334,
    5.303030490875244,
    1.1363636255264282,
    1.5151515007019043,
    1.89393949508667,
    1.5151515007019043,
    0.7575757503509521
  ],
  "prefix_accuracy_auc": 64.63067626953125,
  "prefix_accuracy_curve": [
    46.212120056152344,
    59.09090805053711,
    63.6363639831543,
    67.42424011230469,
    68.56060791015625,
    70.45454406738281,
    70.07575988769531,
    71.59090423583984
  ],
  "prefix_accuracy_t1": 46.212120056152344,
  "prefix_accuracy_t2": 59.09090805053711,
  "prefix_accuracy_t3": 63.6363639831543,
  "prefix_accuracy_t4": 67.42424011230469,
  "prefix_accuracy_t5": 68.56060791015625,
  "prefix_accuracy_t6": 70.45454406738281,
  "prefix_accuracy_t7": 70.07575988769531,
  "prefix_accuracy_t8": 71.59090423583984,
  "prefix_energy_proxy": 0.9976527185151072,
  "prefix_spike_rate": 0.1247065898143884,
  "raw_spike_rate": 0.1247065898143884,
  "run_name": "seed_0",
  "selection_metric": "val_acc",
  "soft_acc": 71.5909090909091,
  "split_seed": 42,
  "stable_correct_fraction": 71.59090423583984,
  "stable_correct_valid_fraction": 71.59090638160706,
  "test_acc": 71.5909090909091,
  "test_accuracy": 71.5909090909091,
  "timestep_gates": [],
  "tmax": 8,
  "val_ratio": 0.2,
  "worst_prefix_accuracy": 46.212120056152344,
  "wrong_to_correct_transition_count": 109.0
}