{
  "dataset": "fashionmnist",
  "effective_timestep": 2.0,
  "energy_proxy": 0.5248347280502319,
  "executed_timestep": 2.0,
  "gated_spike_rate": 0.26241736402511595,
  "hard_acc": 86.55999975204467,
  "hard_effective_timestep": 2.0,
  "layer1_effective_timestep": 2.0,
  "layer1_hard_timestep": 2.0,
  "layer2_effective_timestep": 2.0,
  "layer2_hard_timestep": 2.0,
  "loop_energy_proxy": 0.5248347280502319,
  "model": "fixed_lif",
  "prefix_energy_proxy": 0.5248347280502319,
  "prefix_spike_rate": 0.26241736402511595,
  "raw_spike_rate": 0.26241736402511595,
  "run_name": "chronoskip_20260702_090348_fixed_lif_T2",
  "soft_acc": 86.55999975204467,
  "test_acc": 86.55999975204467,
  "test_accuracy": 86.55999975204467,
  "timestep_gates": [],
  "tmax": 2
}