{
  "beneficial_transition_fraction": 5.68181848526001,
  "conditional_regression_rate_per_transition": [
    9.923664093017578,
    5.03144645690918,
    5.113636493682861,
    2.1978023052215576,
    2.659574508666992,
    2.6455025672912598,
    2.6455025672912598
  ],
  "conditional_valid_transition_mask": [
    true,
    true,
    true,
    true,
    true,
    true,
    true
  ],
  "consecutive_regression_rate": 2.651515483856201,
  "consecutive_regression_rate_per_transition": [
    4.9242424964904785,
    3.0303030014038086,
    3.409090995788574,
    1.5151515007019043,
    1.89393949508667,
    1.89393949508667,
    1.89393949508667
  ],
  "correct_samples_per_transition": [
    131,
    159,
    176,
    182,
    188,
    189,
    189
  ],
  "correct_to_wrong_transition_count": 49.0,
  "destructive_transition_fraction": 2.651515245437622,
  "ever_recovered_fraction": 61.11111068725586,
  "ever_regressed_fraction": 19.730941772460938,
  "ever_regressed_rate": 19.730941772460938,
  "final_accuracy": 70.83332824707031,
  "first_correct_valid_fraction": 84.46969985961914,
  "mean_conditional_regression": 4.036243915557861,
  "mean_conditional_regression_rate": 4.316732406616211,
  "mean_first_correct_timestep": 1.896860957145691,
  "mean_negative_temporal_gain": 0.10822514444589615,
  "mean_population_regression": 2.651515245437622,
  "mean_population_regression_rate": 2.651515483856201,
  "mean_prefix_accuracy": 66.3352279663086,
  "mean_stable_correct_timestep": 2.053475856781006,
  "minimum_prefix_accuracy": 49.621212005615234,
  "negative_temporal_gain": 0.7575759887695312,
  "never_correct_fraction": 15.530303120613098,
  "never_stable_fraction": 29.16666567325592,
  "num_samples": 264,
  "population_regression_rate_per_transition": [
    4.9242424964904785,
    3.0303030014038086,
    3.409090995788574,
    1.5151515007019043,
    1.89393949508667,
    1.89393949508667,
    1.89393949508667
  ],
  "prefix_accuracy_auc": 66.3352279663086,
  "prefix_accuracy_curve": [
    49.621212005615234,
    60.22727584838867,
    66.66667175292969,
    68.93939208984375,
    71.21212005615234,
    71.59090423583984,
    71.59090423583984,
    70.83332824707031
  ],
  "prefix_accuracy_t1": 49.621212005615234,
  "prefix_accuracy_t2": 60.22727584838867,
  "prefix_accuracy_t3": 66.66667175292969,
  "prefix_accuracy_t4": 68.93939208984375,
  "prefix_accuracy_t5": 71.21212005615234,
  "prefix_accuracy_t6": 71.59090423583984,
  "prefix_accuracy_t7": 71.59090423583984,
  "prefix_accuracy_t8": 70.83332824707031,
  "stable_correct_fraction": 70.83332824707031,
  "stable_correct_valid_fraction": 70.83333134651184,
  "worst_prefix_accuracy": 49.621212005615234,
  "wrong_to_correct_transition_count": 105.0
}