Timestep,Accuracy
1,49.621212005615234
2,60.22727584838867
3,66.66667175292969
4,68.93939208984375
5,71.21212005615234
6,71.59090423583984
7,71.59090423583984
8,70.83332824707031
