From Timestep,To Timestep,Population Regression Rate,Conditional Regression Rate,Correct Samples at From Timestep,Conditional Metric Valid
1,2,3.409090995788574,6.382978916168213,141,True
2,3,6.060606002807617,9.580839157104492,167,True
3,4,2.651515245437622,4.022988796234131,174,True
4,5,1.5151515007019043,2.222222328186035,180,True
5,6,1.5151515007019043,2.1505377292633057,186,True
6,7,0.7575757503509521,1.0582010746002197,189,True
7,8,1.1363636255264282,1.5789473056793213,190,True
