Timestep,Accuracy
1,53.40909194946289
2,63.25757598876953
3,65.90909576416016
4,68.18181610107422
5,70.45454406738281
6,71.59090423583984
7,71.96969604492188
8,71.59090423583984
