{
  "best_epoch": 26,
  "best_validation_accuracy": 79.53488405360731,
  "best_validation_loss": 0.5089990405149238,
  "checkpoint_selection": "best_val",
  "conditional_regression_rate_per_transition": [
    6.382978916168213,
    9.580839157104492,
    4.022988796234131,
    2.222222328186035,
    2.1505377292633057,
    1.0582010746002197,
    1.5789473056793213
  ],
  "conditional_valid_transition_mask": [
    true,
    true,
    true,
    true,
    true,
    true,
    true
  ],
  "consecutive_regression_rate": 2.4350647926330566,
  "consecutive_regression_rate_per_transition": [
    3.409090995788574,
    6.060606002807617,
    2.651515245437622,
    1.5151515007019043,
    1.5151515007019043,
    0.7575757503509521,
    1.1363636255264282
  ],
  "correct_samples_per_transition": [
    141,
    167,
    174,
    180,
    186,
    189,
    190
  ],
  "dataset": "dvs_gesture",
  "effective_timestep": 8.0,
  "energy_proxy": 1.0293365319569905,
  "ever_regressed_rate": 18.66666603088379,
  "executed_timestep": 8.0,
  "first_correct_valid_fraction": 85.22727489471436,
  "gated_spike_rate": 0.1286670664946238,
  "hard_acc": 0.0,
  "hard_budget_proxy": 0.0,
  "hard_effective_timestep": 8.0,
  "hard_prefix_masks": [],
  "hard_prefix_steps": {},
  "layer1_effective_timestep": 8.0,
  "layer1_hard_timestep": 8.0,
  "layer2_effective_timestep": 8.0,
  "layer2_hard_timestep": 8.0,
  "loop_energy_proxy": 1.0293365319569905,
  "loss": 0.8521829662900983,
  "mean_conditional_regression_rate": 3.8566737174987793,
  "mean_first_correct_timestep": 1.840000033378601,
  "mean_negative_temporal_gain": 0.05411311611533165,
  "mean_population_regression_rate": 2.4350647926330566,
  "mean_stable_correct_timestep": 2.047619104385376,
  "model": "fixed_lif",
  "negative_temporal_gain": 0.37879180908203125,
  "never_correct_fraction": 14.772726595401764,
  "never_stable_fraction": 28.409090638160706,
  "num_samples": 264,
  "population_regression_rate_per_transition": [
    3.409090995788574,
    6.060606002807617,
    2.651515245437622,
    1.5151515007019043,
    1.5151515007019043,
    0.7575757503509521,
    1.1363636255264282
  ],
  "prefix_accuracy_auc": 67.04545593261719,
  "prefix_accuracy_curve": [
    53.40909194946289,
    63.25757598876953,
    65.90909576416016,
    68.18181610107422,
    70.45454406738281,
    71.59090423583984,
    71.96969604492188,
    71.59090423583984
  ],
  "prefix_accuracy_t1": 53.40909194946289,
  "prefix_accuracy_t2": 63.25757598876953,
  "prefix_accuracy_t3": 65.90909576416016,
  "prefix_accuracy_t4": 68.18181610107422,
  "prefix_accuracy_t5": 70.45454406738281,
  "prefix_accuracy_t6": 71.59090423583984,
  "prefix_accuracy_t7": 71.96969604492188,
  "prefix_accuracy_t8": 71.59090423583984,
  "prefix_energy_proxy": 1.0293365319569905,
  "prefix_spike_rate": 0.1286670664946238,
  "raw_spike_rate": 0.1286670664946238,
  "run_name": "seed_1_shared_fixed_lif_T8",
  "selection_metric": "val_acc",
  "soft_acc": 71.5909090909091,
  "split_seed": 42,
  "stable_correct_valid_fraction": 71.59090638160706,
  "test_acc": 71.5909090909091,
  "test_accuracy": 71.5909090909091,
  "timestep_gates": [],
  "tmax": 8,
  "val_ratio": 0.2,
  "worst_prefix_accuracy": 53.40909194946289
}