{
  "dataset": "dvs_gesture",
  "effective_timestep": 2.0,
  "energy_proxy": 0.16000206542737555,
  "executed_timestep": 2.0,
  "gated_spike_rate": 0.08000103271368778,
  "hard_acc": 65.15151515151516,
  "hard_budget_proxy": 0.0,
  "hard_effective_timestep": 2.0,
  "hard_prefix_masks": [],
  "hard_prefix_steps": {},
  "layer1_effective_timestep": 2.0,
  "layer1_hard_timestep": 2.0,
  "layer2_effective_timestep": 2.0,
  "layer2_hard_timestep": 2.0,
  "loop_energy_proxy": 0.16000206542737555,
  "model": "fixed_lif",
  "prefix_energy_proxy": 0.16000206542737555,
  "prefix_spike_rate": 0.08000103271368778,
  "raw_spike_rate": 0.08000103271368778,
  "run_name": "event_20260711_094138_fixed_prefix_T2",
  "soft_acc": 65.15151515151516,
  "test_acc": 65.15151515151516,
  "test_accuracy": 65.15151515151516,
  "timestep_gates": [],
  "tmax": 8
}