{
  "dataset": "fashionmnist",
  "effective_timestep": 2.0,
  "energy_proxy": 0.5268475746154785,
  "executed_timestep": 2.0,
  "gated_spike_rate": 0.26342378730773924,
  "hard_acc": 86.65999999046326,
  "hard_effective_timestep": 2.0,
  "layer1_effective_timestep": 2.0,
  "layer1_hard_timestep": 2.0,
  "layer2_effective_timestep": 2.0,
  "layer2_hard_timestep": 2.0,
  "loop_energy_proxy": 0.5268475746154785,
  "model": "fixed_lif",
  "prefix_energy_proxy": 0.5268475746154785,
  "prefix_spike_rate": 0.26342378730773924,
  "raw_spike_rate": 0.26342378730773924,
  "run_name": "chronoskip_20260702_090605_fixed_lif_T2",
  "soft_acc": 86.65999999046326,
  "test_acc": 86.65999999046326,
  "test_accuracy": 86.65999999046326,
  "timestep_gates": [],
  "tmax": 2
}