Accuracy,Average Timestep,Error Rate,Feature Mode,Fraction Stopped T1,Fraction Stopped T2,Fraction Stopped T3,Fraction Stopped T4,Fraction Stopped T5,Fraction Stopped T6,Fraction Stopped T7,Fraction Stopped T8,Lambda,Median Timestep,Method,Normalized Average Timestep,Number of Samples,Policy,Predictor,Result Type,Timestep Standard Deviation
70.83333134651184,4.321969509124756,29.16666865348816,logit_history,0.0,0.13257575035095215,0.12878787517547607,0.3901515007019043,0.17424242198467255,0.05303030461072922,0.049242425709962845,0.07196969538927078,0.0,4.0,one_step__logit_history,0.5402461886405945,264,one_step__logit_history,one_step,post_hoc_diagnostic,1.5926352739334106
68.5606062412262,2.6022727489471436,31.439393758773804,logit_history,0.0,0.6060606241226196,0.25,0.07954545319080353,0.06439393758773804,0.0,0.0,0.0,0.5,2.0,one_step__logit_history,0.32528409361839294,264,one_step__logit_history,one_step,post_hoc_diagnostic,0.885999321937561
60.227274894714355,1.6060606241226196,39.772725105285645,logit_history,0.4583333432674408,0.4886363744735718,0.0416666679084301,0.011363636702299118,0.0,0.0,0.0,0.0,1.0,2.0,one_step__logit_history,0.20075757801532745,264,one_step__logit_history,one_step,post_hoc_diagnostic,0.6247129440307617
53.409093618392944,1.0,46.590906381607056,logit_history,1.0,0.0,0.0,0.0,0.0,0.0,0.0,0.0,1.5,1.0,one_step__logit_history,0.125,264,one_step__logit_history,one_step,post_hoc_diagnostic,0.0
53.409093618392944,1.0,46.590906381607056,logit_history,1.0,0.0,0.0,0.0,0.0,0.0,0.0,0.0,2.0,1.0,one_step__logit_history,0.125,264,one_step__logit_history,one_step,post_hoc_diagnostic,0.0
53.409093618392944,1.0,46.590906381607056,logit_history,1.0,0.0,0.0,0.0,0.0,0.0,0.0,0.0,3.0,1.0,one_step__logit_history,0.125,264,one_step__logit_history,one_step,post_hoc_diagnostic,0.0
53.409093618392944,1.0,46.590906381607056,logit_history,1.0,0.0,0.0,0.0,0.0,0.0,0.0,0.0,4.0,1.0,one_step__logit_history,0.125,264,one_step__logit_history,one_step,post_hoc_diagnostic,0.0
53.409093618392944,1.0,46.590906381607056,logit_history,1.0,0.0,0.0,0.0,0.0,0.0,0.0,0.0,6.0,1.0,one_step__logit_history,0.125,264,one_step__logit_history,one_step,post_hoc_diagnostic,0.0
53.409093618392944,1.0,46.590906381607056,logit_history,1.0,0.0,0.0,0.0,0.0,0.0,0.0,0.0,8.0,1.0,one_step__logit_history,0.125,264,one_step__logit_history,one_step,post_hoc_diagnostic,0.0
